"stimulus","Id_flow","lizard_id","clutch","sex","temp","cort","age_trial","age_euthanasia","trial","prey","t_D","motivation","region","mean_mitodensity","mean_potential","mean_ros","mean_size","mean_dnadamage","mean_peroxidation","mean_conpotential","mean_conros"
"Chemical",1,2414,"CL652_23","Female","Hot","CORT",-0.214554664802427,-0.287118268238407,2,"Familiar",-0.560691552819663,1,"OB",-0.193306331592049,-0.399373453872122,-0.0802705457062999,-0.752134910518785,-0.497115809691399,-0.837437350825623,-0.527240954352532,0.163369825014214
"Chemical",1,2414,"CL652_23","Female","Hot","CORT",-0.214554664802427,-0.287118268238407,4,"Unknown",-0.278147738252038,1,"OB",-0.193306331592049,-0.399373453872122,-0.0802705457062999,-0.752134910518785,-0.497115809691399,-0.837437350825623,-0.527240954352532,0.163369825014214
"Chemical",10,2031,"CL549_22","Female","Cold","Control",-0.0102168888001156,-0.0654831138087594,1,"Familiar",0.44762391525598,1,"OB",0.244520702625149,0.59013896221361,0.051468388598639,-0.344508341401492,-0.0146606196765091,-0.734903700414031,0.845420520111623,-0.217890786783129
"Chemical",10,2031,"CL549_22","Female","Cold","Control",-0.0102168888001156,-0.0654831138087594,3,"Unknown",-0.154715795446438,1,"OB",0.244520702625149,0.59013896221361,0.051468388598639,-0.344508341401492,-0.0146606196765091,-0.734903700414031,0.845420520111623,-0.217890786783129
"Chemical",11,2346,"CL633_23","Female","Cold","CORT",-0.439326218404969,-0.488604772265359,2,"Unknown",0.125767838579661,1,"OB",0.307048409622876,0.628509908749334,0.324006703717342,-0.289927535499841,-0.159169305621614,-0.524507274739693,0.841937424890013,0.28702614288198
"Chemical",11,2346,"CL633_23","Female","Cold","CORT",-0.439326218404969,-0.488604772265359,4,"Familiar",0.104655747710468,1,"OB",0.307048409622876,0.628509908749334,0.324006703717342,-0.289927535499841,-0.159169305621614,-0.524507274739693,0.841937424890013,0.28702614288198
"Chemical",12,2224,"CL600_22","Male","Hot","CORT",0.0715182216008089,0.0151114878020214,3,"Unknown",-0.0686141358930517,1,"OB",0.375404206648311,0.771125705116989,0.31369101717038,-0.046422022900526,0.0832659835509162,-0.573834310667163,1.01091010912462,0.160915683926067
"Chemical",12,2224,"CL600_22","Male","Hot","CORT",0.0715182216008089,0.0151114878020214,4,"Familiar",-0.0686141358930517,1,"OB",0.375404206648311,0.771125705116989,0.31369101717038,-0.046422022900526,0.0832659835509162,-0.573834310667163,1.01091010912462,0.160915683926067
"Chemical",13,2259,"CL607_22","Female","Hot","Control",0.0715182216008089,0.0151114878020214,1,"Unknown",0.256283169957785,1,"OB",0.345168225741224,0.583501675527744,0.37693801360872,-0.392713584096231,-0.127429155562195,-0.757281993835385,0.721796024248886,0.343315056232695
"Chemical",13,2259,"CL607_22","Female","Hot","Control",0.0715182216008089,0.0151114878020214,2,"Familiar",-0.167972454577096,0,"OB",0.345168225741224,0.583501675527744,0.37693801360872,-0.392713584096231,-0.127429155562195,-0.757281993835385,0.721796024248886,0.343315056232695
"Chemical",14,2564,"CL703_23","Male","Hot","Control",-0.500627551205662,-0.549050723473444,2,"Unknown",-0.0122922126411106,1,"OB",0.103788170262077,0.654300508930399,0.0130075296162101,-0.066683640162964,-0.0146606196765091,-0.814755293295479,1.12704885166588,-0.0944042554588163
"Chemical",14,2564,"CL703_23","Male","Hot","Control",-0.500627551205662,-0.549050723473444,3,"Familiar",0.0617256094902152,1,"OB",0.103788170262077,0.654300508930399,0.0130075296162101,-0.066683640162964,-0.0146606196765091,-0.814755293295479,1.12704885166588,-0.0944042554588163
"Chemical",15,2267,"CL609_22","Male","Cold","Control",-0.296289775203351,-0.347564219446492,1,"Familiar",0.199434225188528,0,"OB",0.180667540651011,0.669318822443889,0.111089976536788,-0.180840008168852,0.0808679871503843,-0.839195408137616,1.0605598278609,0.00995342068149061
"Chemical",15,2267,"CL609_22","Male","Cold","Control",-0.296289775203351,-0.347564219446492,4,"Unknown",-0.123610548985656,1,"OB",0.180667540651011,0.669318822443889,0.111089976536788,-0.180840008168852,0.0808679871503843,-0.839195408137616,1.0605598278609,0.00995342068149061
"Chemical",16,2335,"CL630_23","Male","Cold","CORT",-0.398458663204507,-0.448307471459968,3,"Unknown",0.354293080938376,1,"OB",0.395172778075907,0.668102962542371,0.434513558800491,-0.317954994254304,-0.0499449866832996,-0.564831146511635,0.812432670426262,0.39041120911585
"Chemical",16,2335,"CL630_23","Male","Cold","CORT",-0.398458663204507,-0.448307471459968,4,"Familiar",-1.55588543570417,1,"OB",0.395172778075907,0.668102962542371,0.434513558800491,-0.317954994254304,-0.0499449866832996,-0.564831146511635,0.812432670426262,0.39041120911585
"Chemical",17,1956,"CL529_22","Male","Cold","Control",-0.153253332001733,-0.206523666627626,1,"Familiar",-0.338511820901985,1,"OB",0.28348579471579,0.623951906128304,0.342044910157004,-0.286870081733206,0.0832659835509162,-0.655247039168993,0.860550127144012,0.363093252850281
"Chemical",17,1956,"CL529_22","Male","Cold","Control",-0.153253332001733,-0.206523666627626,4,"Unknown",0.859107043073724,1,"OB",0.28348579471579,0.623951906128304,0.342044910157004,-0.286870081733206,0.0832659835509162,-0.655247039168993,0.860550127144012,0.363093252850281
"Chemical",18,2011,"CL543_22","Female","Cold","CORT",-0.0102168888001156,-0.0654831138087594,2,"Unknown",0.349681288975412,1,"OB",0.462347416166469,0.755502551389207,0.458998070145193,-0.081405320972085,0.107109344059768,-0.505819654960125,0.887074111127607,0.340440288202174
"Chemical",18,2011,"CL543_22","Female","Cold","CORT",-0.0102168888001156,-0.0654831138087594,3,"Familiar",0.0617256094902152,1,"OB",0.462347416166469,0.755502551389207,0.458998070145193,-0.081405320972085,0.107109344059768,-0.505819654960125,0.887074111127607,0.340440288202174
"Chemical",19,2251,"CL606_22","Male","Hot","CORT",0.0306506664003467,-0.025185813003369,2,"Familiar",0.156575281058726,1,"OB",0.295700129880649,0.698265999898579,0.684041685981221,-0.0316008793914498,-0.159169305621614,-0.594205719675138,0.976351088415531,1.09211813731893
"Chemical",19,2251,"CL606_22","Male","Hot","CORT",0.0306506664003467,-0.025185813003369,4,"Unknown",0.272072784362061,1,"OB",0.295700129880649,0.698265999898579,0.684041685981221,-0.0316008793914498,-0.159169305621614,-0.594205719675138,0.976351088415531,1.09211813731893
"Chemical",2,2318,"CL625_23","Male","Hot","Control",-0.0102168888001156,-0.0856317642114546,1,"Unknown",1.06890349754504,1,"OB",-1.30320870666618,-1.11558229165933,-0.924099527703641,-0.494370092876813,-0.0499449866832996,-0.723654952242793,-1.00326973794124,-0.0754347825601265
"Chemical",2,2318,"CL625_23","Male","Hot","Control",-0.0102168888001156,-0.0856317642114546,3,"Familiar",0.593156011935849,1,"OB",-1.30320870666618,-1.11558229165933,-0.924099527703641,-0.494370092876813,-0.0499449866832996,-0.723654952242793,-1.00326973794124,-0.0754347825601265
"Chemical",20,2355,"CL635_23","Female","Hot","Control",-0.0715182216008089,-0.125929065016845,1,"Familiar",0.343436506271026,1,"OB",-0.456635765679673,-0.221644361204319,-0.418455634549489,-0.875141091000491,0.0952185811645434,-0.752180328626608,0.102657201448342,-0.239457218602041
"Chemical",20,2355,"CL635_23","Female","Hot","Control",-0.0715182216008089,-0.125929065016845,3,"Unknown",-0.048819616057149,1,"OB",-0.456635765679673,-0.221644361204319,-0.418455634549489,-0.875141091000491,0.0952185811645434,-0.752180328626608,0.102657201448342,-0.239457218602041
"Chemical",21,2194,"CL593_22","Male","Cold","Control",-0.255422220002889,-0.287118268238407,2,"Familiar",0.729334812036791,1,"OB",-0.0735505585066183,-0.0402525242980504,-0.101785441124818,-0.361087749193107,-0.986983294699049,-0.767356126618643,0.0423696925933739,-0.0848081411537005
"Chemical",21,2194,"CL593_22","Male","Cold","Control",-0.255422220002889,-0.287118268238407,4,"Unknown",0.250174150319054,1,"OB",-0.0735505585066183,-0.0402525242980504,-0.101785441124818,-0.361087749193107,-0.986983294699049,-0.767356126618643,0.0423696925933739,-0.0848081411537005
"Chemical",22,2235,"CL601_22","Female","Cold","CORT",0.766266660008667,0.720314251896353,1,"Familiar",0.562451714304214,1,"OB",0.443020789008948,0.474865109787723,0.463871856693975,-0.0396922069175949,-0.623960645800107,-0.652657143000764,0.433557376714424,0.379970589996271
"Chemical",22,2235,"CL601_22","Female","Cold","CORT",0.766266660008667,0.720314251896353,3,"Unknown",-0.211037718698379,1,"OB",0.443020789008948,0.474865109787723,0.463871856693975,-0.0396922069175949,-0.623960645800107,-0.652657143000764,0.433557376714424,0.379970589996271
"Chemical",23,2302,"CL620_23","Female","Hot","Control",0.0306506664003467,-0.0050371626006738,1,"Unknown",0.42338949471349,NA,"OB",0.169312110780837,0.109550799468453,0.119468527478373,-0.579825690161682,-0.875203764961588,-0.775485586623341,0.0716203870883855,0.0461282197269242
"Chemical",23,2302,"CL620_23","Female","Hot","Control",0.0306506664003467,-0.0050371626006738,4,"Familiar",NA,1,"OB",0.169312110780837,0.109550799468453,0.119468527478373,-0.579825690161682,-0.875203764961588,-0.775485586623341,0.0716203870883855,0.0461282197269242
"Chemical",24,2240,"CL603_22","Male","Hot","Control",0.0306506664003467,-0.0050371626006738,2,"Familiar",-0.349663861541106,1,"OB",-0.793755994414737,-0.825359615013331,-0.826068490046639,-1.27992839192222,-1.04889893990503,-0.789373130440552,-0.836276508006492,-0.76706620121039
"Chemical",24,2240,"CL603_22","Male","Hot","Control",0.0306506664003467,-0.0050371626006738,3,"Unknown",-0.188845511904981,1,"OB",-0.793755994414737,-0.825359615013331,-0.826068490046639,-1.27992839192222,-1.04889893990503,-0.789373130440552,-0.836276508006492,-0.76706620121039
"Chemical",25,2367,"CL637_23","Male","Cold","Control",-0.439326218404969,-0.468456121862663,2,"Familiar",0.156575281058726,1,"OB",0.395093089136217,0.415879639865773,0.345849961532852,-0.103329543666977,-0.617449368523749,-0.579339585390791,0.38161873417509,0.20052882316962
"Chemical",25,2367,"CL637_23","Male","Cold","Control",-0.439326218404969,-0.468456121862663,4,"Unknown",0.664346215669735,1,"OB",0.395093089136217,0.415879639865773,0.345849961532852,-0.103329543666977,-0.617449368523749,-0.579339585390791,0.38161873417509,0.20052882316962
"Chemical",26,2300,"CL620_23","Male","Cold","Control",-0.296289775203351,-0.327415569043797,1,"Familiar",-0.398190518406875,0,"OB",-0.272757723047201,-0.174987772147965,-0.402699124893527,-0.336210127197499,-0.500203089324697,-0.354086184657347,-0.00759968172753416,-0.499861934375781
"Chemical",26,2300,"CL620_23","Male","Cold","Control",-0.296289775203351,-0.327415569043797,4,"Unknown",-0.385416027883702,1,"OB",-0.272757723047201,-0.174987772147965,-0.402699124893527,-0.336210127197499,-0.500203089324697,-0.354086184657347,-0.00759968172753416,-0.499861934375781
"Chemical",27,2136,"CL577_22","Male","Hot","CORT",0.214554664802427,0.176300691023583,2,"Familiar",0.320661693735816,1,"OB",-1.53768149723758,-1.01319910871761,-1.40671319102411,-2.79526073627302,-1.14093042379603,-0.909450356180806,-0.432980568320217,-1.22713817902026
"Chemical",27,2136,"CL577_22","Male","Hot","CORT",0.214554664802427,0.176300691023583,3,"Unknown",0.40404920974678,1,"OB",-1.53768149723758,-1.01319910871761,-1.40671319102411,-2.79526073627302,-1.14093042379603,-0.909450356180806,-0.432980568320217,-1.22713817902026
"Chemical",28,2239,"CL603_22","Male","Hot","CORT",0.0306506664003467,-0.0050371626006738,2,"Unknown",0.614177826211452,1,"OB",0.288759429927984,0.269247156592986,0.33488749609522,-0.257992341393012,-0.607716907935433,-0.498437096929357,0.235138227263079,0.339168145714805
"Chemical",28,2239,"CL603_22","Male","Hot","CORT",0.0306506664003467,-0.0050371626006738,4,"Familiar",0.301670053736088,1,"OB",0.288759429927984,0.269247156592986,0.33488749609522,-0.257992341393012,-0.607716907935433,-0.498437096929357,0.235138227263079,0.339168145714805
"Chemical",29,1992,"CL538_22","Female","Cold","CORT",0.0306506664003467,-0.0050371626006738,3,"Familiar",-0.425223836430658,1,"OB",-0.210375880447923,-0.141732803683093,-0.24177153963775,-0.146598341379222,-0.690108501285983,-0.537710544080577,-0.00887816359012979,-0.202616188983834
"Chemical",29,1992,"CL538_22","Female","Cold","CORT",0.0306506664003467,-0.0050371626006738,4,"Unknown",0.182414851882939,1,"OB",-0.210375880447923,-0.141732803683093,-0.24177153963775,-0.146598341379222,-0.690108501285983,-0.537710544080577,-0.00887816359012979,-0.202616188983834
"Chemical",3,2253,"CL606_22","Female","Cold","Control",-0.296289775203351,-0.367712869849187,2,"Familiar",0.608298864287787,0,"OB",0.000756842850434533,-0.28940144137296,-0.116153522523126,-0.178731732012677,0.135398677677233,-0.696649847332004,-0.496491356560297,-0.234528229695986
"Chemical",3,2253,"CL606_22","Female","Cold","Control",-0.296289775203351,-0.367712869849187,4,"Unknown",1.16279302737415,1,"OB",0.000756842850434533,-0.28940144137296,-0.116153522523126,-0.178731732012677,0.135398677677233,-0.696649847332004,-0.496491356560297,-0.234528229695986
"Chemical",30,2245,"CL604_22","Female","Hot","Control",0.0306506664003467,-0.0050371626006738,2,"Unknown",0.122828409079931,1,"OB",-0.358920684352894,-0.36350082022754,-0.639846555689812,-0.444788087270768,-0.388648428627698,-0.617520220452749,-0.29375192422133,-0.96284179314342
"Chemical",30,2245,"CL604_22","Female","Hot","Control",0.0306506664003467,-0.0050371626006738,4,"Familiar",0.0788636315979448,1,"OB",-0.358920684352894,-0.36350082022754,-0.639846555689812,-0.444788087270768,-0.388648428627698,-0.617520220452749,-0.29375192422133,-0.96284179314342
"Chemical",31,1273,"CL339_22","Female","Hot","CORT",1.35884621041537,1.30462511357451,1,"Unknown",0.380760307340204,1,"OB",0.178073105122562,0.15735249280374,0.160483792192147,-0.24595297874411,-0.365224232605046,-0.660896934195394,0.148414579894696,0.124675039038436
"Chemical",31,1273,"CL339_22","Female","Hot","CORT",1.35884621041537,1.30462511357451,4,"Familiar",0.991220374480131,1,"OB",0.178073105122562,0.15735249280374,0.160483792192147,-0.24595297874411,-0.365224232605046,-0.660896934195394,0.148414579894696,0.124675039038436
"Chemical",32,2352,"CL634_23","Female","Cold","CORT",-0.439326218404969,-0.468456121862663,3,"Unknown",0.330603671793662,1,"OB",-0.45664363158489,-0.327168547100722,-0.488592554616042,-0.40408048920266,-0.744432550566135,-0.841547486130466,-0.115625598491668,-0.421438511308513
"Chemical",32,2352,"CL634_23","Female","Cold","CORT",-0.439326218404969,-0.468456121862663,4,"Familiar",0.0247166984245524,1,"OB",-0.45664363158489,-0.327168547100722,-0.488592554616042,-0.40408048920266,-0.744432550566135,-0.841547486130466,-0.115625598491668,-0.421438511308513
"Chemical",33,2178,"CL588_22","Female","Cold","CORT",-0.255422220002889,-0.266969617835711,1,"Unknown",0.00874759511734351,1,"OB",0.112430577739948,0.0453946730738404,0.047059414602465,-0.726553663164616,-0.88979733361499,-0.742854546290984,0.0123358099190104,-0.0301284035818162
"Chemical",33,2178,"CL588_22","Female","Cold","CORT",-0.255422220002889,-0.266969617835711,2,"Familiar",-0.287515220732345,1,"OB",0.112430577739948,0.0453946730738404,0.047059414602465,-0.726553663164616,-0.88979733361499,-0.742854546290984,0.0123358099190104,-0.0301284035818162
"Chemical",34,2004,"CL543_22","Male","Cold","Control",-0.0102168888001156,-0.025185813003369,2,"Unknown",-1.0689359897833,1,"OB",-0.299627084009946,-0.32801883468622,-0.190082949436485,-0.0703734885515657,-0.58516682462209,-0.697113347147972,-0.283237034664919,0.0735808442608213
"Chemical",34,2004,"CL543_22","Male","Cold","Control",-0.0102168888001156,-0.025185813003369,4,"Familiar",0.713219152025507,1,"OB",-0.299627084009946,-0.32801883468622,-0.190082949436485,-0.0703734885515657,-0.58516682462209,-0.697113347147972,-0.283237034664919,0.0735808442608213
"Chemical",35,2266,"CL609_22","Female","Hot","Control",0.0715182216008089,0.0554087886074118,1,"Familiar",0.493648873279491,1,"OB",0.401648037971013,0.182980680215328,0.331411368699688,-0.100077934752125,-0.598025483845308,-0.506326317836217,-0.0223363653531333,0.159832854682368
"Chemical",35,2266,"CL609_22","Female","Hot","Control",0.0715182216008089,0.0554087886074118,4,"Unknown",0.363338896935218,1,"OB",0.401648037971013,0.182980680215328,0.331411368699688,-0.100077934752125,-0.598025483845308,-0.506326317836217,-0.0223363653531333,0.159832854682368
"Chemical",36,2458,"CL669_23","Male","Hot","CORT",-0.357591108004044,-0.367712869849187,2,"Unknown",-0.10618913858067,1,"OB",0.570760168914267,0.35815585148834,0.612720421289295,0.129750708388453,-0.400450659136537,-0.280296736915655,0.115443313449072,0.498845727132305
"Chemical",36,2458,"CL669_23","Male","Hot","CORT",-0.357591108004044,-0.367712869849187,3,"Familiar",-0.063559951207383,1,"OB",0.570760168914267,0.35815585148834,0.612720421289295,0.129750708388453,-0.400450659136537,-0.280296736915655,0.115443313449072,0.498845727132305
"Chemical",37,2341,"CL632_23","Female","Cold","Control",-0.398458663204507,-0.408010170654578,1,"Unknown",0.987715258541852,1,"OB",0.286835148592748,0.132987727367966,0.21178894980993,-0.165795931911215,-0.457354031113971,-0.622825954852294,-0.000992837867063601,0.0723993649608239
"Chemical",37,2341,"CL632_23","Female","Cold","Control",-0.398458663204507,-0.408010170654578,3,"Familiar",0.182414851882939,1,"OB",0.286835148592748,0.132987727367966,0.21178894980993,-0.165795931911215,-0.457354031113971,-0.622825954852294,-0.000992837867063601,0.0723993649608239
"Chemical",38,2191,"CL592_22","Male","Hot","Control",0.132819554401502,0.115854739815497,1,"Familiar",0.148437625018888,1,"OB",-0.283862141149051,-0.322117169347243,-0.184967080868436,-0.0972190568791239,-0.43622537886555,-0.252603645610699,-0.28749841879656,0.0593931424741351
"Chemical",38,2191,"CL592_22","Male","Hot","Control",0.132819554401502,0.115854739815497,2,"Unknown",0.787286443880933,1,"OB",-0.283862141149051,-0.322117169347243,-0.184967080868436,-0.0972190568791239,-0.43622537886555,-0.252603645610699,-0.28749841879656,0.0593931424741351
"Chemical",39,2382,"CL642_23","Male","Cold","CORT",-0.500627551205662,-0.508753422668054,2,"Familiar",-0.628890750844138,1,"OB",0.467286712307096,0.251929528977455,0.563391301950606,0.129135142324068,-0.740999421710647,-0.543972419985532,0.0338668740458564,0.553476492898414
"Chemical",39,2382,"CL642_23","Male","Cold","CORT",-0.500627551205662,-0.508753422668054,4,"Unknown",0.360349433993996,1,"OB",0.467286712307096,0.251929528977455,0.563391301950606,0.129135142324068,-0.740999421710647,-0.543972419985532,0.0338668740458564,0.553476492898414
"Chemical",4,2412,"CL652_23","Male","Hot","Control",-0.255422220002889,-0.327415569043797,1,"Familiar",-0.211037718698379,1,"OB",-0.408647690355562,-0.537378468870863,-0.344145869806182,-0.350503090712628,0.46446920496991,-0.383540115342226,-0.59743840331248,-0.129663046296401
"Chemical",4,2412,"CL652_23","Male","Hot","Control",-0.255422220002889,-0.327415569043797,3,"Unknown",-0.439562961057094,1,"OB",-0.408647690355562,-0.537378468870863,-0.344145869806182,-0.350503090712628,0.46446920496991,-0.383540115342226,-0.59743840331248,-0.129663046296401
"Chemical",40,2366,"CL637_23","Female","Hot","CORT",-0.112385776801271,-0.125929065016845,3,"Unknown",0.448792834056501,1,"OB",0.476526705802434,0.272654209189939,0.505331893315385,0.073304040491212,-0.503294521319208,-0.487202552883548,0.0601757142725892,0.416837515224665
"Chemical",40,2366,"CL637_23","Female","Hot","CORT",-0.112385776801271,-0.125929065016845,4,"Familiar",0.379341073993724,1,"OB",0.476526705802434,0.272654209189939,0.505331893315385,0.073304040491212,-0.503294521319208,-0.487202552883548,0.0601757142725892,0.416837515224665
"Chemical",41,2317,"CL625_23","Female","Cold","Control",-0.296289775203351,-0.307266918641102,2,"Familiar",0.628458645621487,1,"OB",0.470779459861443,0.289969069601452,0.507497176836215,0.10807789472055,0.815878870777572,0.548559828852925,0.0946403625046423,0.430126398504616
"Chemical",41,2317,"CL625_23","Female","Cold","Control",-0.296289775203351,-0.307266918641102,3,"Unknown",0.189810067669107,1,"OB",0.470779459861443,0.289969069601452,0.507497176836215,0.10807789472055,0.815878870777572,0.548559828852925,0.0946403625046423,0.430126398504616
"Chemical",42,2117,"CL572_22","Female","Hot","CORT",0.214554664802427,0.196449341426278,2,"Unknown",-0.425223836430658,1,"OB",0.356138668820265,0.137526411094982,0.295243899274447,-0.11656053812745,0.94957858711437,0.666721085289697,-0.058149214951618,0.149969535446322
"Chemical",42,2117,"CL572_22","Female","Hot","CORT",0.214554664802427,0.196449341426278,4,"Familiar",-0.117706884380775,1,"OB",0.356138668820265,0.137526411094982,0.295243899274447,-0.11656053812745,0.94957858711437,0.666721085289697,-0.058149214951618,0.149969535446322
"Chemical",43,2229,"CL600_22","Male","Hot","Control",0.0715182216008089,0.0554087886074118,2,"Familiar",0.379341073993724,0,"OB",0.369720653549983,0.135521849002183,0.419084822858779,-0.113443022216072,0.860745507743169,0.593606658851894,-0.0741298169394932,0.396453664946707
"Chemical",43,2229,"CL600_22","Male","Hot","Control",0.0715182216008089,0.0554087886074118,4,"Unknown",0.427132973576761,1,"OB",0.369720653549983,0.135521849002183,0.419084822858779,-0.113443022216072,0.860745507743169,0.593606658851894,-0.0741298169394932,0.396453664946707
"Chemical",44,1167,"CL312_22","Male","Cold","CORT",1.35884621041537,1.32477376397721,1,"Unknown",0.327320846259742,1,"OB",0.405877198063023,0.198682224077575,0.429539144608273,-0.0597031141655983,0.803648241089912,0.175875070353859,0.000523099445488557,0.363377063275705
"Chemical",44,1167,"CL312_22","Male","Cold","CORT",1.35884621041537,1.32477376397721,3,"Familiar",0.574894329558605,1,"OB",0.405877198063023,0.198682224077575,0.429539144608273,-0.0597031141655983,0.803648241089912,0.175875070353859,0.000523099445488557,0.363377063275705
"Chemical",45,2363,"CL637_23","Male","Cold","CORT",-0.500627551205662,-0.488604772265359,3,"Familiar",0.268191421384989,1,"OB",0.251250839215844,0.00103719304930992,0.232224576303287,-0.267777413664276,1.08214313368638,0.514381089907397,-0.199151425208331,0.171420883785368
"Chemical",45,2363,"CL637_23","Male","Cold","CORT",-0.500627551205662,-0.488604772265359,4,"Unknown",0.593928861038379,1,"OB",0.251250839215844,0.00103719304930992,0.232224576303287,-0.267777413664276,1.08214313368638,0.514381089907397,-0.199151425208331,0.171420883785368
"Chemical",46,2177,"CL588_22","Male","Cold","Control",-0.214554664802427,-0.206523666627626,1,"Unknown",0.270137463899386,1,"OB",0.0985805906427148,-0.107455459600597,0.156272870331639,-0.709251434315313,0.462437848813452,0.585481818547742,-0.251894657470495,0.240385545510185
"Chemical",46,2177,"CL588_22","Male","Cold","Control",-0.214554664802427,-0.206523666627626,4,"Familiar",0.0788636315979448,1,"OB",0.0985805906427148,-0.107455459600597,0.156272870331639,-0.709251434315313,0.462437848813452,0.585481818547742,-0.251894657470495,0.240385545510185
"Chemical",47,2119,"CL573_22","Male","Cold","CORT",-0.214554664802427,-0.206523666627626,2,"Familiar",-0.0300813188562839,1,"OB",0.234427193532683,0.0843401300452215,0.18690365766818,-0.350010087337834,0.123653739799436,0.324239084777202,-0.0365287225646928,0.096926618717063
"Chemical",47,2119,"CL573_22","Male","Cold","CORT",-0.214554664802427,-0.206523666627626,4,"Unknown",0.00874759511734351,1,"OB",0.234427193532683,0.0843401300452215,0.18690365766818,-0.350010087337834,0.123653739799436,0.324239084777202,-0.0365287225646928,0.096926618717063
"Chemical",48,1289,"CL346_22","Female","Hot","Control",1.35884621041537,1.3449224143799,2,"Familiar",0.0721084277265794,1,"OB",0.178303041603781,-0.0508105200512671,0.191691470271116,-0.735194659552206,1.04143330731244,0.410391549395486,-0.22393825765174,0.194298004795862
"Chemical",48,1289,"CL346_22","Female","Hot","Control",1.35884621041537,1.3449224143799,3,"Unknown",0.179914771753054,1,"OB",0.178303041603781,-0.0508105200512671,0.191691470271116,-0.735194659552206,1.04143330731244,0.410391549395486,-0.22393825765174,0.194298004795862
"Chemical",49,2530,"CL692_23","Male","Hot","Control",-0.398458663204507,-0.387861520251883,2,"Unknown",1.02807978148931,1,"OB",0.397631455703074,0.151690022149058,0.387356858884758,-0.173602804761527,0.617626950432446,0.343242778660987,-0.0720498366206179,0.285634886735984
"Chemical",49,2530,"CL692_23","Male","Hot","Control",-0.398458663204507,-0.387861520251883,3,"Familiar",-0.063559951207383,1,"OB",0.397631455703074,0.151690022149058,0.387356858884758,-0.173602804761527,0.617626950432446,0.343242778660987,-0.0720498366206179,0.285634886735984
"Chemical",5,2234,"CL601_22","Female","Cold","Control",-0.296289775203351,-0.367712869849187,1,"Unknown",0.366303132040368,NA,"OB",-0.019844328433651,-0.205315204026747,0.0759658276164637,-0.507925594753832,0.163344059502894,-0.656329454162348,-0.320865356223553,0.247028397193776
"Chemical",5,2234,"CL601_22","Female","Cold","Control",-0.296289775203351,-0.367712869849187,4,"Familiar",0.182414851882939,1,"OB",-0.019844328433651,-0.205315204026747,0.0759658276164637,-0.507925594753832,0.163344059502894,-0.656329454162348,-0.320865356223553,0.247028397193776
"Chemical",50,2226,"CL600_22","Male","Hot","CORT",0.132819554401502,0.136003390218193,1,"Unknown",-0.48646716803881,1,"OB",0.261894780313138,0.0876522507691287,0.206386314366927,-0.107126267681875,1.11297497548687,0.400370589263723,-0.0567678369646702,0.0981914072663615
"Chemical",50,2226,"CL600_22","Male","Hot","CORT",0.132819554401502,0.136003390218193,2,"Familiar",-0.048819616057149,1,"OB",0.261894780313138,0.0876522507691287,0.206386314366927,-0.107126267681875,1.11297497548687,0.400370589263723,-0.0567678369646702,0.0981914072663615
"Chemical",51,2252,"CL606_22","Female","Cold","CORT",-0.296289775203351,-0.287118268238407,1,"Unknown",-0.470126557795441,1,"OB",0.364017135817261,0.128437115093756,0.259835013850947,-0.270661107840263,0.750481352294441,0.423980743435916,-0.0810582598159429,0.0618208846040105
"Chemical",51,2252,"CL606_22","Female","Cold","CORT",-0.296289775203351,-0.287118268238407,3,"Familiar",-0.161281589889975,1,"OB",0.364017135817261,0.128437115093756,0.259835013850947,-0.270661107840263,0.750481352294441,0.423980743435916,-0.0810582598159429,0.0618208846040105
"Chemical",52,1231,"CL327_22","Male","Cold","Control",1.07277332401213,1.06284130874217,2,"Unknown",0.0919963677160642,1,"OB",-0.280677742748776,-0.2897325601153,-0.432649354957163,-1.56283437625911,2.04951746149993,0.408800826168304,-0.226522711965073,-0.56189853809867
"Chemical",52,1231,"CL327_22","Male","Cold","Control",1.07277332401213,1.06284130874217,3,"Familiar",0.580553412669052,1,"OB",-0.280677742748776,-0.2897325601153,-0.432649354957163,-1.56283437625911,2.04951746149993,0.408800826168304,-0.226522711965073,-0.56189853809867
"Chemical",53,2035,"CL550_22","Male","Hot","Control",0.357591108004044,0.35763854464784,2,"Unknown",0.341857807993856,1,"OB",-0.625001541068125,-0.540668314064459,-0.758224287471709,-1.97712289470549,-0.339154244146173,0.189030283924061,-0.383632684918768,-0.860252049744703
"Chemical",53,2035,"CL550_22","Male","Hot","Control",0.357591108004044,0.35763854464784,4,"Familiar",NA,1,"OB",-0.625001541068125,-0.540668314064459,-0.758224287471709,-1.97712289470549,-0.339154244146173,0.189030283924061,-0.383632684918768,-0.860252049744703
"Chemical",54,2492,"CL680_23","Male","Hot","CORT",-0.357591108004044,-0.347564219446492,2,"Unknown",-0.470126557795441,1,"OB",0.391750571887904,0.137772164116773,0.341765462209476,-0.282519938620577,-0.268251665395842,0.390409462106761,-0.0904558212989021,0.196774981410611
"Chemical",54,2492,"CL680_23","Male","Hot","CORT",-0.357591108004044,-0.347564219446492,4,"Familiar",0.104655747710468,1,"OB",0.391750571887904,0.137772164116773,0.341765462209476,-0.282519938620577,-0.268251665395842,0.390409462106761,-0.0904558212989021,0.196774981410611
"Chemical",55,1180,"CL315_22","Male","Cold","Control",1.27711110001444,1.26432781276912,3,"Familiar",0.482165361656635,0,"OB",-0.102815912431245,-0.302238658256327,-0.118686483442734,0.10617531013435,0.796629978105961,0.524830477827279,-0.425345688571192,-0.0782764993847188
"Chemical",55,1180,"CL315_22","Male","Cold","Control",1.27711110001444,1.26432781276912,4,"Unknown",0.538880105096459,NA,"OB",-0.102815912431245,-0.302238658256327,-0.118686483442734,0.10617531013435,0.796629978105961,0.524830477827279,-0.425345688571192,-0.0782764993847188
"Chemical",56,2212,"CL596_22","Male","Hot","CORT",0.132819554401502,0.136003390218193,1,"Unknown",0.0755022683833405,1,"OB",0.424384512431808,0.29501699670199,0.37946695505927,0.334110012012896,0.23624545174175,0.426396044017812,0.147007022618336,0.228569908712195
"Chemical",56,2212,"CL596_22","Male","Hot","CORT",0.132819554401502,0.136003390218193,4,"Familiar",0.197052793860783,1,"OB",0.424384512431808,0.29501699670199,0.37946695505927,0.334110012012896,0.23624545174175,0.426396044017812,0.147007022618336,0.228569908712195
"Chemical",57,2228,"CL600_22","Male","Cold","CORT",-0.296289775203351,-0.226672317030321,2,"Unknown",-0.242992445078374,1,"OB",-0.745308624913469,-0.731927817818052,-0.646686446704882,0.325748913825128,0.484684632919351,0.540008824510888,-0.676093098701483,-0.347814260480175
"Chemical",57,2228,"CL600_22","Male","Cold","CORT",-0.296289775203351,-0.226672317030321,3,"Familiar",0.684599112950587,1,"OB",-0.745308624913469,-0.731927817818052,-0.646686446704882,0.325748913825128,0.484684632919351,0.540008824510888,-0.676093098701483,-0.347814260480175
"Chemical",58,2196,"CL593_22","Male","Hot","Control",0.173687109601964,0.236746642231669,1,"Unknown",-0.188845511904981,1,"OB",-0.773334994441656,-0.765988188013785,-0.835990271961182,-0.443507847134771,0.581248758759376,0.464084653970294,-0.723381491263843,-0.82984320418813
"Chemical",58,2196,"CL593_22","Male","Hot","Control",0.173687109601964,0.236746642231669,3,"Familiar",-0.174793247053898,1,"OB",-0.773334994441656,-0.765988188013785,-0.835990271961182,-0.443507847134771,0.581248758759376,0.464084653970294,-0.723381491263843,-0.82984320418813
"Chemical",59,2154,"CL581_22","Male","Cold","Control",-0.255422220002889,-0.186375016224931,1,"Familiar",0.237627824646642,1,"OB",-1.32435162936685,-1.0128865948553,-1.03070103813263,0.0801509112162672,0.796629978105961,0.490404540622186,-0.709067042168546,-0.380775084679512
"Chemical",59,2154,"CL581_22","Male","Cold","Control",-0.255422220002889,-0.186375016224931,3,"Unknown",0.748740722370417,1,"OB",-1.32435162936685,-1.0128865948553,-1.03070103813263,0.0801509112162672,0.796629978105961,0.490404540622186,-0.709067042168546,-0.380775084679512
"Chemical",6,2345,"CL632_23","Male","Hot","CORT",-0.0715182216008089,-0.14607771541954,3,"Unknown",0.532501671914699,1,"OB",-0.290108171705297,-0.463242826351406,-0.290381268237559,-0.18347049217288,0.222751405108341,-0.770751921601571,-0.561547637315244,-0.192650400635245
"Chemical",6,2345,"CL632_23","Male","Hot","CORT",-0.0715182216008089,-0.14607771541954,4,"Familiar",0.13157391747051,1,"OB",-0.290108171705297,-0.463242826351406,-0.290381268237559,-0.18347049217288,0.222751405108341,-0.770751921601571,-0.561547637315244,-0.192650400635245
"Chemical",60,2225,"CL600_22","Female","Cold","Control",-0.255422220002889,-0.186375016224931,3,"Familiar",1.16507839506761,1,"OB",-0.07526466599248,-0.303011894883413,-0.0736770384304159,0.0120079594250663,0.642189643240685,0.37474087516321,-0.452512668699954,-0.0154360844282886
"Chemical",60,2225,"CL600_22","Female","Cold","Control",-0.255422220002889,-0.186375016224931,4,"Unknown",0.703747656412699,1,"OB",-0.07526466599248,-0.303011894883413,-0.0736770384304159,0.0120079594250663,0.642189643240685,0.37474087516321,-0.452512668699954,-0.0154360844282886
"Chemical",61,2162,"CL583_22","Male","Cold","CORT",-0.214554664802427,-0.14607771541954,1,"Familiar",0.477894673481828,NA,"OB",-0.757225122636076,-0.678114083031004,-0.541671872773263,0.406273595113215,0.377567646318625,-0.141294752706562,-0.543475137114149,-0.0318300101205648
"Chemical",61,2162,"CL583_22","Male","Cold","CORT",-0.214554664802427,-0.14607771541954,4,"Unknown",-0.063559951207383,1,"OB",-0.757225122636076,-0.678114083031004,-0.541671872773263,0.406273595113215,0.377567646318625,-0.141294752706562,-0.543475137114149,-0.0318300101205648
"Chemical",62,2021,"CL547_22","Female","Hot","Control",0.357591108004044,0.418084495855925,1,"Familiar",0.505762479740545,1,"OB",-0.337768679670127,-0.423473729549835,-0.212382810765524,0.289836262953535,0.556022476468525,0.13418579574414,-0.435917925108267,0.0833399697370688
"Chemical",62,2021,"CL547_22","Female","Hot","Control",0.357591108004044,0.418084495855925,3,"Unknown",0.298103934015892,1,"OB",-0.337768679670127,-0.423473729549835,-0.212382810765524,0.289836262953535,0.556022476468525,0.13418579574414,-0.435917925108267,0.0833399697370688
"Chemical",63,2374,"CL640_23","Female","Hot","CORT",-0.0715182216008089,-0.0050371626006738,1,"Unknown",0.0755022683833405,1,"OB",-0.205715161513345,-0.384799428007124,-0.19255725595889,-0.0501380727228154,0.456332986415958,-0.0255087405012667,-0.48722099263948,-0.089894595299416
"Chemical",63,2374,"CL640_23","Female","Hot","CORT",-0.0715182216008089,-0.0050371626006738,3,"Familiar",-0.0895911008612145,1,"OB",-0.205715161513345,-0.384799428007124,-0.19255725595889,-0.0501380727228154,0.456332986415958,-0.0255087405012667,-0.48722099263948,-0.089894595299416
"Chemical",64,2559,"CL702_23","Male","Hot","CORT",-0.500627551205662,-0.428158821057273,2,"Familiar",-0.10618913858067,1,"OB",-0.0535287858279914,-0.187802264265742,-0.0543798701602421,0.201429073620798,0.664632256120235,0.23516419175634,-0.255858510356838,-0.00465998806472047
"Chemical",64,2559,"CL702_23","Male","Hot","CORT",-0.500627551205662,-0.428158821057273,4,"Unknown",-0.628890750844138,1,"OB",-0.0535287858279914,-0.187802264265742,-0.0543798701602421,0.201429073620798,0.664632256120235,0.23516419175634,-0.255858510356838,-0.00465998806472047
"Chemical",65,2380,"CL641_23","Male","Hot","Control",-0.112385776801271,-0.0453344634060642,1,"Unknown",0.564136416696253,1,"OB",0.219710513163641,-0.140223039419595,0.120407883776128,-0.296631855169514,0.954505661544326,0.642374513307031,-0.420357954359269,-0.0283547276152055
"Chemical",65,2380,"CL641_23","Male","Hot","Control",-0.112385776801271,-0.0453344634060642,3,"Familiar",-0.287515220732345,1,"OB",0.219710513163641,-0.140223039419595,0.120407883776128,-0.296631855169514,0.954505661544326,0.642374513307031,-0.420357954359269,-0.0283547276152055
"Chemical",66,2152,"CL581_22","Female","Cold","Control",-0.255422220002889,-0.186375016224931,1,"Familiar",0.393281783536082,0,"OB",-1.34985461245257,-0.943043836482667,-1.08538850662854,-0.0729742896321937,0.542323538182794,0.576292761614387,-0.492434969373621,-0.508351683837484
"Chemical",66,2152,"CL581_22","Female","Cold","Control",-0.255422220002889,-0.186375016224931,2,"Unknown",0.908767305907781,NA,"OB",-1.34985461245257,-0.943043836482667,-1.08538850662854,-0.0729742896321937,0.542323538182794,0.576292761614387,-0.492434969373621,-0.508351683837484
"Chemical",67,2602,"CL714_23","Male","Cold","CORT",-0.786700437608898,-0.710239926695006,3,"Unknown",0.586911229231463,1,"OB",0.193729597879622,0.0309289903898265,0.514068030249405,-0.0720749543314708,0.413138814887696,0.205703553515902,-0.0925276214128311,0.89075380781642
"Chemical",67,2602,"CL714_23","Male","Cold","CORT",-0.786700437608898,-0.710239926695006,4,"Familiar",0.367775921516254,1,"OB",0.193729597879622,0.0309289903898265,0.514068030249405,-0.0720749543314708,0.413138814887696,0.205703553515902,-0.0925276214128311,0.89075380781642
"Chemical",68,2384,"CL642_23","Male","Hot","CORT",-0.112385776801271,-0.0453344634060642,1,"Familiar",-0.747079913106977,0,"OB",-0.322821355870206,-0.395975739966765,-0.180835250952348,0.0164765566622343,0.611921165107405,0.264806403065869,-0.395593803327708,0.136780840596861
"Chemical",68,2384,"CL642_23","Male","Hot","CORT",-0.112385776801271,-0.0453344634060642,2,"Unknown",-0.747079913106977,0,"OB",-0.322821355870206,-0.395975739966765,-0.180835250952348,0.0164765566622343,0.611921165107405,0.264806403065869,-0.395593803327708,0.136780840596861
"Chemical",69,1966,"CL532_22","Male","Cold","CORT",0.0306506664003467,0.115854739815497,1,"Familiar",0.624235030300641,1,"OB",-0.69686428138381,-0.785951491552699,-0.683968332166583,-0.923408619107089,0.544285535178943,0.21848441195902,-0.844311639062373,-0.537007681071005
"Chemical",69,1966,"CL532_22","Male","Cold","CORT",0.0306506664003467,0.115854739815497,4,"Unknown",-0.338511820901985,1,"OB",-0.69686428138381,-0.785951491552699,-0.683968332166583,-0.923408619107089,0.544285535178943,0.21848441195902,-0.844311639062373,-0.537007681071005
"Chemical",7,2256,"CL607_22","Female","Cold","CORT",-0.296289775203351,-0.367712869849187,2,"Unknown",0.0721084277265794,1,"OB",-0.413899233194368,-0.537838583533137,-0.33376627782864,-0.122447372794599,0.289443105224359,-0.891904552402741,-0.59329547511507,-0.094020604751616
"Chemical",7,2256,"CL607_22","Female","Cold","CORT",-0.296289775203351,-0.367712869849187,3,"Familiar",-0.317216829859226,1,"OB",-0.413899233194368,-0.537838583533137,-0.33376627782864,-0.122447372794599,0.289443105224359,-0.891904552402741,-0.59329547511507,-0.094020604751616
"Chemical",70,2343,"CL632_23","Male","Hot","Control",-0.0715182216008089,0.0151114878020214,1,"Unknown",0.477894673481828,NA,"OB",0.453818023138789,0.240663230286908,0.493685772099087,0.199158189499501,0.972481773615899,0.547854309465602,0.0273204203734417,0.426746639616447
"Chemical",70,2343,"CL632_23","Male","Hot","Control",-0.0715182216008089,0.0151114878020214,4,"Familiar",0.199434225188528,1,"OB",0.453818023138789,0.240663230286908,0.493685772099087,0.199158189499501,0.972481773615899,0.547854309465602,0.0273204203734417,0.426746639616447
"Chemical",71,1181,"CL315_22","Female","Hot","Control",1.60405154161814,1.66730082082303,1,"Familiar",0.142905860687391,1,"OB",0.359315101681543,0.133197140312233,0.312230577003941,0.0768440205881602,0.50472381252374,-0.0307839453546572,-0.0685384819480026,0.181884800931658
"Chemical",71,1181,"CL315_22","Female","Hot","Control",1.60405154161814,1.66730082082303,3,"Unknown",-0.713601280755877,1,"OB",0.359315101681543,0.133197140312233,0.312230577003941,0.0768440205881602,0.50472381252374,-0.0307839453546572,-0.0685384819480026,0.181884800931658
"Chemical",72,2603,"CL714_23","Female","Hot","CORT",-0.500627551205662,-0.408010170654578,2,"Unknown",0.262287756780109,1,"OB",-0.480453521930133,-0.925129251950085,-0.813566197322949,-1.9567094525949,0.628996203661722,-0.0462616291006427,-1.33363448664145,-1.22998617914868
"Chemical",72,2603,"CL714_23","Female","Hot","CORT",-0.500627551205662,-0.408010170654578,3,"Familiar",0.239750246665321,1,"OB",-0.480453521930133,-0.925129251950085,-0.813566197322949,-1.9567094525949,0.628996203661722,-0.0462616291006427,-1.33363448664145,-1.22998617914868
"Chemical",73,1252,"CL332_22","Male","Cold","Control",1.03190576881167,1.10313860954756,1,"Unknown",0.451119066236587,1,"OB",-0.179412085260439,-0.409513624564767,-0.156595119657557,0.290376150389789,0.161028211104034,0.789475517448507,-0.559818334746294,-0.045400154307852
"Chemical",73,1252,"CL332_22","Male","Cold","Control",1.03190576881167,1.10313860954756,2,"Familiar",1.04876730782681,1,"OB",-0.179412085260439,-0.409513624564767,-0.156595119657557,0.290376150389789,0.161028211104034,0.789475517448507,-0.559818334746294,-0.045400154307852
"Chemical",74,1169,"CL312_22","Female","Cold","Control",1.31797865521491,1.3852197151853,1,"Unknown",0.481102547607079,NA,"OB",0.0316684652103157,-0.13020793028412,-0.123764723009709,0.448194193060161,0.0904449982619679,0.722725946983985,-0.230367085395285,-0.29914687886439
"Chemical",74,1169,"CL312_22","Female","Cold","Control",1.31797865521491,1.3852197151853,3,"Familiar",0.737636758895692,NA,"OB",0.0316684652103157,-0.13020793028412,-0.123764723009709,0.448194193060161,0.0904449982619679,0.722725946983985,-0.230367085395285,-0.29914687886439
"Chemical",75,2257,"CL607_22","Female","Cold","CORT",-0.296289775203351,-0.206523666627626,2,"Familiar",0.119864173974781,NA,"OB",-0.518804001735947,-0.83417788282183,-0.891983236574336,-0.704559706162918,0.583177822524668,0.249998733530239,-1.11153476543326,-1.37986615039186
"Chemical",75,2257,"CL607_22","Female","Cold","CORT",-0.296289775203351,-0.206523666627626,4,"Unknown",0.189810067669107,1,"OB",-0.518804001735947,-0.83417788282183,-0.891983236574336,-0.704559706162918,0.583177822524668,0.249998733530239,-1.11153476543326,-1.37986615039186
"Chemical",76,2477,"CL676_23","Female","Hot","Control",-0.296289775203351,-0.206523666627626,1,"Familiar",0.481102547607079,1,"OB",0.590510213510668,0.500300280276485,0.702092799665212,0.360665338112131,0.478638651332194,0.321590913619727,0.330840202423528,0.65343447717503
"Chemical",76,2477,"CL676_23","Female","Hot","Control",-0.296289775203351,-0.206523666627626,2,"Unknown",0.332233650474435,1,"OB",0.590510213510668,0.500300280276485,0.702092799665212,0.360665338112131,0.478638651332194,0.321590913619727,0.330840202423528,0.65343447717503
"Chemical",77,2494,"CL680_23","Female","Hot","CORT",-0.296289775203351,-0.206523666627626,2,"Familiar",-0.78408882417264,1,"OB",-0.503835998345988,-0.631014386990396,-0.452060428334843,-0.218661128905162,0.96269405403585,0.531637048644725,-0.699185608846784,-0.246355008959527
"Chemical",77,2494,"CL680_23","Female","Hot","CORT",-0.296289775203351,-0.206523666627626,3,"Unknown",-0.203483453882825,1,"OB",-0.503835998345988,-0.631014386990396,-0.452060428334843,-0.218661128905162,0.96269405403585,0.531637048644725,-0.699185608846784,-0.246355008959527
"Chemical",78,2368,"CL637_23","Male","Cold","CORT",-0.439326218404969,-0.347564219446492,1,"Familiar",0.246041634708229,1,"OB",0.361378761137586,0.177168373601926,0.527994778864677,0.0605130561100763,0.670208836311708,0.620481595629139,0.00519997847864632,0.644371873365152
"Chemical",78,2368,"CL637_23","Male","Cold","CORT",-0.439326218404969,-0.347564219446492,3,"Unknown",0.140106963206097,1,"OB",0.361378761137586,0.177168373601926,0.527994778864677,0.0605130561100763,0.670208836311708,0.620481595629139,0.00519997847864632,0.644371873365152
"Chemical",79,2296,"CL618_23","Female","Cold","Control",-0.357591108004044,-0.266969617835711,1,"Unknown",-0.181749113470222,1,"OB",0.0783764277949932,-0.0333259759404282,0.131598671816231,0.13133818761629,0.276258675145501,0.533567754520233,-0.0974990854661585,0.216350948691095
"Chemical",79,2296,"CL618_23","Female","Cold","Control",-0.357591108004044,-0.266969617835711,2,"Familiar",-0.154715795446438,1,"OB",0.0783764277949932,-0.0333259759404282,0.131598671816231,0.13133818761629,0.276258675145501,0.533567754520233,-0.0974990854661585,0.216350948691095
"Chemical",8,1946,"CL528_22","Male","Cold","CORT",0.132819554401502,0.0554087886074118,1,"Familiar",-0.234727127843093,0,"OB",-0.386238842789837,-0.381693715966559,-0.218839779083085,0.0867422385604669,-0.0524861470763866,-0.418583319688266,-0.3024505672694,0.151809917110372
"Chemical",8,1946,"CL528_22","Male","Cold","CORT",0.132819554401502,0.0554087886074118,2,"Unknown",0.419605690347071,1,"OB",-0.386238842789837,-0.381693715966559,-0.218839779083085,0.0867422385604669,-0.0524861470763866,-0.418583319688266,-0.3024505672694,0.151809917110372
"Chemical",80,2246,"CL604_22","Female","Hot","CORT",0.0715182216008089,0.156152040620888,1,"Familiar",0.000482277882062867,1,"OB",-0.228708799210651,-0.238057487705755,-0.321295542168737,-0.153728605366873,0.165657576901464,0.432410117185835,-0.177987293791319,-0.368235177607481
"Chemical",80,2246,"CL604_22","Female","Hot","CORT",0.0715182216008089,0.156152040620888,3,"Unknown",-0.0686141358930517,1,"OB",-0.228708799210651,-0.238057487705755,-0.321295542168737,-0.153728605366873,0.165657576901464,0.432410117185835,-0.177987293791319,-0.368235177607481
"Chemical",9,2140,"CL577_22","Male","Hot","CORT",0.214554664802427,0.156152040620888,1,"Unknown",0.085491371156781,0,"OB",-0.548961225296458,-0.458415043018524,-1.47018206165418,-1.20810662935424,0.12129753319492,-0.798081054048934,-0.289764234640406,-2.87144982828174
"Chemical",9,2140,"CL577_22","Male","Hot","CORT",0.214554664802427,0.156152040620888,4,"Familiar",-0.00798222267321153,NA,"OB",-0.548961225296458,-0.458415043018524,-1.47018206165418,-1.20810662935424,0.12129753319492,-0.798081054048934,-0.289764234640406,-2.87144982828174
"Visual",1,2414,"CL652_23","Female","Hot","CORT",-0.214554664802427,-0.287118268238407,1,"Unknown",-0.349663861541106,1,"OT",-0.283380094053353,-0.294634965906074,-0.220629195344106,-0.298050971455085,-0.0423383189307169,-0.3563217612938,-0.233473529619361,-0.0301599980318294
"Visual",1,2414,"CL652_23","Female","Hot","CORT",-0.214554664802427,-0.287118268238407,3,"Familiar",-1.31241071274373,1,"OT",-0.283380094053353,-0.294634965906074,-0.220629195344106,-0.298050971455085,-0.0423383189307169,-0.3563217612938,-0.233473529619361,-0.0301599980318294
"Visual",10,2031,"CL549_22","Female","Cold","Control",-0.0102168888001156,-0.0654831138087594,2,"Unknown",-0.560691552819663,1,"OT",0.355747501057652,0.74988712391364,0.272921789323242,0.243705631834623,-0.271046169498645,-0.39748323897706,0.996861071214739,0.102331685416339
"Visual",10,2031,"CL549_22","Female","Cold","Control",-0.0102168888001156,-0.0654831138087594,4,"Familiar",-1.55588543570417,1,"OT",0.355747501057652,0.74988712391364,0.272921789323242,0.243705631834623,-0.271046169498645,-0.39748323897706,0.996861071214739,0.102331685416339
"Visual",11,2346,"CL633_23","Female","Cold","CORT",-0.439326218404969,-0.488604772265359,1,"Unknown",-0.0585774595060224,1,"OT",0.465688995040232,0.75978955744879,0.390771039512259,0.0775354342652622,-0.433222792754131,-0.308592317702855,0.890632203192817,0.191287670623181
"Visual",11,2346,"CL633_23","Female","Cold","CORT",-0.439326218404969,-0.488604772265359,3,"Familiar",-0.926512406977967,1,"OT",0.465688995040232,0.75978955744879,0.390771039512259,0.0775354342652622,-0.433222792754131,-0.308592317702855,0.890632203192817,0.191287670623181
"Visual",12,2224,"CL600_22","Male","Hot","CORT",0.0715182216008089,0.0151114878020214,1,"Familiar",-0.50360519014654,1,"OT",0.685233964665869,0.861216801837029,0.606536122729452,0.289201243301898,-0.336275747412508,-0.341872183017741,0.823675981907709,0.318037848023184
"Visual",12,2224,"CL600_22","Male","Hot","CORT",0.0715182216008089,0.0151114878020214,2,"Unknown",-0.141941304923265,1,"OT",0.685233964665869,0.861216801837029,0.606536122729452,0.289201243301898,-0.336275747412508,-0.341872183017741,0.823675981907709,0.318037848023184
"Visual",13,2259,"CL607_22","Female","Hot","Control",0.0715182216008089,0.0151114878020214,3,"Unknown",0.0324370042620574,1,"OT",0.599501620311294,0.799925788227626,0.556583110583952,0.223715625061995,-0.226736761827133,-0.323628374485369,0.813577204415202,0.340404176533387
"Visual",13,2259,"CL607_22","Female","Hot","Control",0.0715182216008089,0.0151114878020214,4,"Familiar",0.248113969777529,0,"OT",0.599501620311294,0.799925788227626,0.556583110583952,0.223715625061995,-0.226736761827133,-0.323628374485369,0.813577204415202,0.340404176533387
"Visual",14,2564,"CL703_23","Male","Hot","Control",-0.500627551205662,-0.549050723473444,1,"Familiar",-1.1699871299384,1,"OT",0.499639748793302,0.692724182324489,0.397846916845207,0.056575964945039,-0.0347567419364702,-0.504976161703434,0.741480391932628,0.156455923336445
"Visual",14,2564,"CL703_23","Male","Hot","Control",-0.500627551205662,-0.549050723473444,4,"Unknown",-0.65492190049797,1,"OT",0.499639748793302,0.692724182324489,0.397846916845207,0.056575964945039,-0.0347567419364702,-0.504976161703434,0.741480391932628,0.156455923336445
"Visual",15,2267,"CL609_22","Male","Cold","Control",-0.296289775203351,-0.347564219446492,2,"Familiar",-0.154715795446438,1,"OT",0.499134044163488,0.720201076330669,0.389218029818551,0.11085591923656,-0.368139235331107,-0.348468211202908,0.787980220760512,0.139086011809153
"Visual",15,2267,"CL609_22","Male","Cold","Control",-0.296289775203351,-0.347564219446492,3,"Unknown",-0.48646716803881,1,"OT",0.499134044163488,0.720201076330669,0.389218029818551,0.11085591923656,-0.368139235331107,-0.348468211202908,0.787980220760512,0.139086011809153
"Visual",16,2335,"CL630_23","Male","Cold","CORT",-0.398458663204507,-0.448307471459968,1,"Unknown",-0.317216829859226,1,"OT",0.391221193932071,0.650357750016599,0.333054351796423,0.0470683144689288,0.0664272317448358,-0.474889119788722,0.786428261603535,0.178884798444479
"Visual",16,2335,"CL630_23","Male","Cold","CORT",-0.398458663204507,-0.448307471459968,2,"Familiar",-0.926512406977967,1,"OT",0.391221193932071,0.650357750016599,0.333054351796423,0.0470683144689288,0.0664272317448358,-0.474889119788722,0.786428261603535,0.178884798444479
"Visual",17,1956,"CL529_22","Male","Cold","Control",-0.153253332001733,-0.206523666627626,2,"Unknown",0.370703103251015,1,"OT",0.61244800956027,0.802906579452453,0.485055674770732,0.146705903971983,-0.0935315117573721,-0.315693875392019,0.804860228967612,0.174740613784163
"Visual",17,1956,"CL529_22","Male","Cold","Control",-0.153253332001733,-0.206523666627626,3,"Familiar",0.113859587152457,1,"OT",0.61244800956027,0.802906579452453,0.485055674770732,0.146705903971983,-0.0935315117573721,-0.315693875392019,0.804860228967612,0.174740613784163
"Visual",18,2011,"CL543_22","Female","Cold","CORT",-0.0102168888001156,-0.0654831138087594,1,"Familiar",-0.0440404977719086,1,"OT",0.629182689395097,0.848984930557642,0.650102895204503,0.279565851335416,-0.0372811566234227,-0.270276040065549,0.862501224851835,0.488465847244794
"Visual",18,2011,"CL543_22","Female","Cold","CORT",-0.0102168888001156,-0.0654831138087594,4,"Unknown",-0.990554636067413,1,"OT",0.629182689395097,0.848984930557642,0.650102895204503,0.279565851335416,-0.0372811566234227,-0.270276040065549,0.862501224851835,0.488465847244794
"Visual",19,2251,"CL606_22","Male","Hot","CORT",0.0306506664003467,-0.025185813003369,1,"Unknown",0.189810067669107,1,"OT",0.640897140495709,0.889681560311112,0.622064361063382,0.372092442451203,-0.204898314012771,-0.489662830596213,0.916358224756563,0.413907505125789
"Visual",19,2251,"CL606_22","Male","Hot","CORT",0.0306506664003467,-0.025185813003369,3,"Familiar",-0.373089858768416,1,"OT",0.640897140495709,0.889681560311112,0.622064361063382,0.372092442451203,-0.204898314012771,-0.489662830596213,0.916358224756563,0.413907505125789
"Visual",2,2318,"CL625_23","Male","Hot","Control",-0.0102168888001156,-0.0856317642114546,2,"Unknown",0.235492500287225,1,"OT",-0.310166937164655,-0.289423286504599,-0.281959721359398,0.012360108376892,0.0784674863145139,-0.258511762238551,-0.195447093752521,-0.138373380466801
"Visual",2,2318,"CL625_23","Male","Hot","Control",-0.0102168888001156,-0.0856317642114546,4,"Familiar",0.631939940473994,1,"OT",-0.310166937164655,-0.289423286504599,-0.281959721359398,0.012360108376892,0.0784674863145139,-0.258511762238551,-0.195447093752521,-0.138373380466801
"Visual",20,2355,"CL635_23","Female","Hot","Control",-0.0715182216008089,-0.125929065016845,2,"Unknown",0.250174150319054,1,"OT",0.471373617020685,0.633761762366137,0.38529662062941,0.030568045756915,-0.215791601423565,-0.497937016819796,0.672405024740698,0.171370961492693
"Visual",20,2355,"CL635_23","Female","Hot","Control",-0.0715182216008089,-0.125929065016845,4,"Familiar",0.605322068714366,1,"OT",0.471373617020685,0.633761762366137,0.38529662062941,0.030568045756915,-0.215791601423565,-0.497937016819796,0.672405024740698,0.171370961492693
"Visual",21,2194,"CL593_22","Male","Cold","Control",-0.255422220002889,-0.287118268238407,1,"Unknown",-0.123610548985656,1,"OT",-0.152073967166142,0.00266285361731976,-0.201493031386813,0.313998981735602,0.179489991816972,-0.0691437954216376,0.207934562000401,-0.198248933145909
"Visual",21,2194,"CL593_22","Male","Cold","Control",-0.255422220002889,-0.287118268238407,3,"Familiar",-0.154715795446438,1,"OT",-0.152073967166142,0.00266285361731976,-0.201493031386813,0.313998981735602,0.179489991816972,-0.0691437954216376,0.207934562000401,-0.198248933145909
"Visual",22,2235,"CL601_22","Female","Cold","CORT",0.766266660008667,0.720314251896353,2,"Unknown",0.537069483688436,NA,"OT",0.375409942506585,0.527472128956859,0.334657717628633,0.103524943634396,-0.40341071021071,-0.135055363550395,0.592961009815821,0.206019974952048
"Visual",22,2235,"CL601_22","Female","Cold","CORT",0.766266660008667,0.720314251896353,4,"Familiar",0.66244579746118,NA,"OT",0.375409942506585,0.527472128956859,0.334657717628633,0.103524943634396,-0.40341071021071,-0.135055363550395,0.592961009815821,0.206019974952048
"Visual",23,2302,"CL620_23","Female","Hot","Control",0.0306506664003467,-0.0050371626006738,2,"Familiar",-0.242992445078374,1,"OT",0.0743867041923904,0.254128886808403,-0.0726075132052198,0.263685881613568,0.0615934143135593,0.0628397324527707,0.431938739724636,-0.245563887748938
"Visual",23,2302,"CL620_23","Female","Hot","Control",0.0306506664003467,-0.0050371626006738,3,"Unknown",0.708793773486764,1,"OT",0.0743867041923904,0.254128886808403,-0.0726075132052198,0.263685881613568,0.0615934143135593,0.0628397324527707,0.431938739724636,-0.245563887748938
"Visual",24,2240,"CL603_22","Male","Hot","Control",0.0306506664003467,-0.0050371626006738,1,"Unknown",-0.78408882417264,1,"OT",0.566067480991513,0.715791473466016,0.572764369846801,0.351229423290422,0.114214386321526,0.0988864746562208,0.710120807278944,0.423174051550434
"Visual",24,2240,"CL603_22","Male","Hot","Control",0.0306506664003467,-0.0050371626006738,4,"Familiar",-0.0737421068987892,1,"OT",0.566067480991513,0.715791473466016,0.572764369846801,0.351229423290422,0.114214386321526,0.0988864746562208,0.710120807278944,0.423174051550434
"Visual",25,2367,"CL637_23","Male","Cold","Control",-0.439326218404969,-0.468456121862663,1,"Unknown",-0.713601280755877,1,"OT",0.564381352919414,0.597208811649362,0.544973515630873,0.513618822794023,-0.221257666642763,0.0220433020338843,0.516062690898936,0.36812390678381
"Visual",25,2367,"CL637_23","Male","Cold","Control",-0.439326218404969,-0.468456121862663,3,"Familiar",0.328966094117218,1,"OT",0.564381352919414,0.597208811649362,0.544973515630873,0.513618822794023,-0.221257666642763,0.0220433020338843,0.516062690898936,0.36812390678381
"Visual",26,2300,"CL620_23","Male","Cold","Control",-0.296289775203351,-0.327415569043797,2,"Unknown",-0.521622461212475,1,"OT",0.455216729657433,0.559166032906202,0.464809287265397,0.278010123565217,-0.122181483553424,-0.145366680726582,0.563553839662613,0.363484700141766
"Visual",26,2300,"CL620_23","Male","Cold","Control",-0.296289775203351,-0.327415569043797,3,"Familiar",-0.872365473804575,1,"OT",0.455216729657433,0.559166032906202,0.464809287265397,0.278010123565217,-0.122181483553424,-0.145366680726582,0.563553839662613,0.363484700141766
"Visual",27,2136,"CL577_22","Male","Hot","CORT",0.214554664802427,0.176300691023583,1,"Unknown",0.211105058711866,0,"OT",-0.812075720211298,-0.557826946865948,-0.811749800881381,0.0228437140735184,-0.177888845265137,-0.0990888564244796,-0.210984168123419,-0.69474173657352
"Visual",27,2136,"CL577_22","Male","Hot","CORT",0.214554664802427,0.176300691023583,4,"Familiar",-0.78408882417264,1,"OT",-0.812075720211298,-0.557826946865948,-0.811749800881381,0.0228437140735184,-0.177888845265137,-0.0990888564244796,-0.210984168123419,-0.69474173657352
"Visual",28,2239,"CL603_22","Male","Hot","CORT",0.0306506664003467,-0.0050371626006738,1,"Familiar",0.13157391747051,0,"OT",0.557636578736683,0.694693816374386,0.51568078081852,0.498156722098514,-0.119562133593111,0.177779811171436,0.684011819517474,0.317360983308758
"Visual",28,2239,"CL603_22","Male","Hot","CORT",0.0306506664003467,-0.0050371626006738,3,"Unknown",-0.00798222267321153,1,"OT",0.557636578736683,0.694693816374386,0.51568078081852,0.498156722098514,-0.119562133593111,0.177779811171436,0.684011819517474,0.317360983308758
"Visual",29,1992,"CL538_22","Female","Cold","CORT",0.0306506664003467,-0.0050371626006738,1,"Familiar",-0.50360519014654,1,"OT",0.554506906490742,0.625234152270671,0.504155516335813,0.359360809665155,-0.083201250137407,-0.0261941992524323,0.572334959942514,0.298049911269467
"Visual",29,1992,"CL538_22","Female","Cold","CORT",0.0306506664003467,-0.0050371626006738,2,"Unknown",-0.10618913858067,1,"OT",0.554506906490742,0.625234152270671,0.504155516335813,0.359360809665155,-0.083201250137407,-0.0261941992524323,0.572334959942514,0.298049911269467
"Visual",3,2253,"CL606_22","Female","Cold","Control",-0.296289775203351,-0.367712869849187,1,"Familiar",0.535249480780471,0,"OT",-0.392583445858654,-0.292507382651464,-0.353436997817584,0.419699808849753,0.484684632919351,-0.535223888058277,-0.114268774837388,-0.180755942146209
"Visual",3,2253,"CL606_22","Female","Cold","Control",-0.296289775203351,-0.367712869849187,3,"Unknown",0.44762391525598,0,"OT",-0.392583445858654,-0.292507382651464,-0.353436997817584,0.419699808849753,0.484684632919351,-0.535223888058277,-0.114268774837388,-0.180755942146209
"Visual",30,2245,"CL604_22","Female","Hot","Control",0.0306506664003467,-0.0050371626006738,1,"Unknown",-0.411447177537533,1,"OT",0.504738888219702,0.501495928855363,0.435730444406981,0.41680191725373,-0.0652342626255946,0.0715858293747418,0.41655134437902,0.228441614391771
"Visual",30,2245,"CL604_22","Female","Hot","Control",0.0306506664003467,-0.0050371626006738,3,"Familiar",-1.55588543570417,1,"OT",0.504738888219702,0.501495928855363,0.435730444406981,0.41680191725373,-0.0652342626255946,0.0715858293747418,0.41655134437902,0.228441614391771
"Visual",31,1273,"CL339_22","Female","Hot","CORT",1.35884621041537,1.30462511357451,2,"Familiar",0.382173829470648,1,"OT",0.572833408678027,0.68963137513595,0.55564598435984,0.495029329750531,0.227258228790369,-0.207416581251335,0.659974587808274,0.377709252194034
"Visual",31,1273,"CL339_22","Female","Hot","CORT",1.35884621041537,1.30462511357451,3,"Unknown",0.397358345059659,1,"OT",0.572833408678027,0.68963137513595,0.55564598435984,0.495029329750531,0.227258228790369,-0.207416581251335,0.659974587808274,0.377709252194034
"Visual",32,2352,"CL634_23","Female","Cold","CORT",-0.439326218404969,-0.468456121862663,1,"Unknown",0.0510265151103708,1,"OT",-0.165414028527547,0.102253402057327,-0.207973522833015,0.224538951230593,-0.259888480881848,-0.058116219122195,0.414753604792929,-0.192616642641039
"Visual",32,2352,"CL634_23","Female","Cold","CORT",-0.439326218404969,-0.468456121862663,2,"Familiar",0.0952042418413143,1,"OT",-0.165414028527547,0.102253402057327,-0.207973522833015,0.224538951230593,-0.259888480881848,-0.058116219122195,0.414753604792929,-0.192616642641039
"Visual",33,2178,"CL588_22","Female","Cold","CORT",-0.255422220002889,-0.266969617835711,3,"Familiar",0.0207919673660135,1,"OT",0.430433053947474,0.476202271744215,0.579575809808299,0.467722043949885,-0.257107501303117,-0.0810441275354034,0.448558868311827,0.645303366560449
"Visual",33,2178,"CL588_22","Female","Cold","CORT",-0.255422220002889,-0.266969617835711,4,"Unknown",-0.111900805489927,1,"OT",0.430433053947474,0.476202271744215,0.579575809808299,0.467722043949885,-0.257107501303117,-0.0810441275354034,0.448558868311827,0.645303366560449
"Visual",34,2004,"CL543_22","Male","Cold","Control",-0.0102168888001156,-0.025185813003369,1,"Familiar",-0.373089858768416,0,"OT",0.360358201604273,0.36155267154344,0.490565766076675,0.319584695367393,-0.0423383189307169,-0.197008987955248,0.323414577567821,0.565219742818998
"Visual",34,2004,"CL543_22","Male","Cold","Control",-0.0102168888001156,-0.025185813003369,3,"Unknown",-0.398190518406875,1,"OT",0.360358201604273,0.36155267154344,0.490565766076675,0.319584695367393,-0.0423383189307169,-0.197008987955248,0.323414577567821,0.565219742818998
"Visual",35,2266,"CL609_22","Female","Hot","Control",0.0715182216008089,0.0554087886074118,2,"Familiar",-0.926512406977967,1,"OT",0.367042593963382,0.361950239078376,0.48834078629025,0.269496183228502,-0.543866153721531,0.0325040691175384,0.317399184076359,0.549862649138081
"Visual",35,2266,"CL609_22","Female","Hot","Control",0.0715182216008089,0.0554087886074118,3,"Unknown",-0.349663861541106,1,"OT",0.367042593963382,0.361950239078376,0.48834078629025,0.269496183228502,-0.543866153721531,0.0325040691175384,0.317399184076359,0.549862649138081
"Visual",36,2458,"CL669_23","Male","Hot","CORT",-0.357591108004044,-0.367712869849187,1,"Unknown",-0.0536646552913294,1,"OT",0.310369356272649,0.337376870672385,0.414640169768884,0.192846769856265,-0.88979733361499,-0.127977023132481,0.332069483093213,0.479559109454247
"Visual",36,2458,"CL669_23","Male","Hot","CORT",-0.357591108004044,-0.367712869849187,4,"Familiar",-0.0166557442256666,1,"OT",0.310369356272649,0.337376870672385,0.414640169768884,0.192846769856265,-0.88979733361499,-0.127977023132481,0.332069483093213,0.479559109454247
"Visual",37,2341,"CL632_23","Female","Cold","Control",-0.398458663204507,-0.408010170654578,2,"Unknown",-0.0393255306648937,1,"OT",0.296576439482151,0.292189849628927,0.112694254994013,0.333130020164542,0.116577861430987,-0.181332456916975,0.267334770722079,-0.158940341211863
"Visual",37,2341,"CL632_23","Female","Cold","Control",-0.398458663204507,-0.408010170654578,4,"Familiar",-0.13572415544671,1,"OT",0.296576439482151,0.292189849628927,0.112694254994013,0.333130020164542,0.116577861430987,-0.181332456916975,0.267334770722079,-0.158940341211863
"Visual",38,2191,"CL592_22","Male","Hot","Control",0.132819554401502,0.115854739815497,3,"Familiar",0.345008140997609,1,"OT",0.443725244787183,0.41375488601152,0.517392246229077,0.410291578318461,0.000296999323195973,-0.0300932524279868,0.329473090562241,0.492465442999038
"Visual",38,2191,"CL592_22","Male","Hot","Control",0.132819554401502,0.115854739815497,4,"Unknown",0.409311626904898,1,"OT",0.443725244787183,0.41375488601152,0.517392246229077,0.410291578318461,0.000296999323195973,-0.0300932524279868,0.329473090562241,0.492465442999038
"Visual",39,2382,"CL642_23","Male","Cold","CORT",-0.500627551205662,-0.508753422668054,1,"Familiar",0.417060318517633,1,"OT",0.494882851263396,0.419905024662495,0.607326826212132,0.326425773110737,-0.2543298824256,-0.0472077797616224,0.289755297325894,0.603326381671932
"Visual",39,2382,"CL642_23","Male","Cold","CORT",-0.500627551205662,-0.508753422668054,3,"Unknown",0.585332530954292,1,"OT",0.494882851263396,0.419905024662495,0.607326826212132,0.326425773110737,-0.2543298824256,-0.0472077797616224,0.289755297325894,0.603326381671932
"Visual",4,2412,"CL652_23","Male","Hot","Control",-0.255422220002889,-0.327415569043797,2,"Unknown",-0.521622461212475,1,"OT",-0.523876971052083,-0.494093662110987,-0.406402098181706,0.121076484473024,0.967593123758615,-0.626939294341246,-0.391722909653124,-0.0912004836289118
"Visual",4,2412,"CL652_23","Male","Hot","Control",-0.255422220002889,-0.327415569043797,4,"Familiar",-0.154715795446438,1,"OT",-0.523876971052083,-0.494093662110987,-0.406402098181706,0.121076484473024,0.967593123758615,-0.626939294341246,-0.391722909653124,-0.0912004836289118
"Visual",40,2366,"CL637_23","Female","Hot","CORT",-0.112385776801271,-0.125929065016845,1,"Unknown",-0.317216829859226,0,"OT",0.50311974802756,0.47490521576478,0.680272425432077,0.515209520194222,0.0952185811645434,-0.118311421576389,0.373713666804007,0.743546721345332
"Visual",40,2366,"CL637_23","Female","Hot","CORT",-0.112385776801271,-0.125929065016845,2,"Familiar",0.235492500287225,1,"OT",0.50311974802756,0.47490521576478,0.680272425432077,0.515209520194222,0.0952185811645434,-0.118311421576389,0.373713666804007,0.743546721345332
"Visual",41,2317,"CL625_23","Female","Cold","Control",-0.296289775203351,-0.307266918641102,1,"Unknown",-0.65492190049797,1,"OT",0.483807485775734,0.426376212290664,0.66763019965219,0.520072241747778,0.33714910597135,0.277327447189477,0.311377477765098,0.747427175566021
"Visual",41,2317,"CL625_23","Female","Cold","Control",-0.296289775203351,-0.307266918641102,4,"Familiar",0.00874759511734351,1,"OT",0.483807485775734,0.426376212290664,0.66763019965219,0.520072241747778,0.33714910597135,0.277327447189477,0.311377477765098,0.747427175566021
"Visual",42,2117,"CL572_22","Female","Hot","CORT",0.214554664802427,0.196449341426278,1,"Familiar",-1.1699871299384,1,"OT",0.316033494014274,0.276693588518564,0.401105692316499,0.120912849027314,-0.0372811566234227,0.453240149328336,0.220947711512716,0.441134904714626
"Visual",42,2117,"CL572_22","Female","Hot","CORT",0.214554664802427,0.196449341426278,3,"Unknown",0.085491371156781,1,"OT",0.316033494014274,0.276693588518564,0.401105692316499,0.120912849027314,-0.0372811566234227,0.453240149328336,0.220947711512716,0.441134904714626
"Visual",43,2229,"CL600_22","Male","Hot","Control",0.0715182216008089,0.0554087886074118,1,"Familiar",-0.540614101212203,0,"OT",0.517635055276937,0.514985756651612,0.679865332138295,0.616404034611306,-0.379836356461106,0.55638256046179,0.426259423570589,0.719933717046529
"Visual",43,2229,"CL600_22","Male","Hot","Control",0.0715182216008089,0.0554087886074118,3,"Unknown",-0.713601280755877,0,"OT",0.517635055276937,0.514985756651612,0.679865332138295,0.616404034611306,-0.379836356461106,0.55638256046179,0.426259423570589,0.719933717046529
"Visual",44,1167,"CL312_22","Male","Cold","CORT",1.35884621041537,1.32477376397721,2,"Familiar",-0.373089858768416,1,"OT",0.403454377687442,0.368520312489775,0.595666923065674,0.33717661537881,-0.43622537886555,0.489433139621345,0.292431557167883,0.722478637959951
"Visual",44,1167,"CL312_22","Male","Cold","CORT",1.35884621041537,1.32477376397721,4,"Unknown",0.0755022683833405,1,"OT",0.403454377687442,0.368520312489775,0.595666923065674,0.33717661537881,-0.43622537886555,0.489433139621345,0.292431557167883,0.722478637959951
"Visual",45,2363,"CL637_23","Male","Cold","CORT",-0.500627551205662,-0.488604772265359,1,"Familiar",-0.349663861541106,1,"OT",0.524566903436487,0.395402180508703,0.645772136382348,0.752186450987905,-0.180575554327831,0.459402481914485,0.220359417315025,0.637934208948728
"Visual",45,2363,"CL637_23","Male","Cold","CORT",-0.500627551205662,-0.488604772265359,2,"Unknown",0.0919963677160642,0,"OT",0.524566903436487,0.395402180508703,0.645772136382348,0.752186450987905,-0.180575554327831,0.459402481914485,0.220359417315025,0.637934208948728
"Visual",46,2177,"CL588_22","Male","Cold","Control",-0.214554664802427,-0.206523666627626,2,"Familiar",0.110818357977939,1,"OT",0.0442472290054875,-0.0679701554577573,-0.101329201994233,0.320552037803126,-0.385707315825339,0.318630017229231,-0.127790274495178,-0.266245690814554
"Visual",46,2177,"CL588_22","Male","Cold","Control",-0.214554664802427,-0.206523666627626,3,"Unknown",-0.0122922126411106,1,"OT",0.0442472290054875,-0.0679701554577573,-0.101329201994233,0.320552037803126,-0.385707315825339,0.318630017229231,-0.127790274495178,-0.266245690814554
"Visual",47,2119,"CL573_22","Male","Cold","CORT",-0.214554664802427,-0.206523666627626,1,"Unknown",-0.0737421068987892,1,"OT",0.482699782519204,0.308408784229824,0.59792088171895,0.427129363545713,-0.299179682811565,0.487908124853274,0.114468384771071,0.602419875025074
"Visual",47,2119,"CL573_22","Male","Cold","CORT",-0.214554664802427,-0.206523666627626,3,"Familiar",0.142905860687391,1,"OT",0.482699782519204,0.308408784229824,0.59792088171895,0.427129363545713,-0.299179682811565,0.487908124853274,0.114468384771071,0.602419875025074
"Visual",48,1289,"CL346_22","Female","Hot","Control",1.35884621041537,1.3449224143799,1,"Unknown",-0.581986543862422,1,"OT",0.452303162536606,0.282626045666132,0.500814389902404,0.412932230579869,-0.0909445904472363,0.305496881434438,0.0995826129229348,0.444156421829309
"Visual",48,1289,"CL346_22","Female","Hot","Control",1.35884621041537,1.3449224143799,4,"Familiar",-0.872365473804575,1,"OT",0.452303162536606,0.282626045666132,0.500814389902404,0.412932230579869,-0.0909445904472363,0.305496881434438,0.0995826129229348,0.444156421829309
"Visual",49,2530,"CL692_23","Male","Hot","Control",-0.398458663204507,-0.387861520251883,1,"Unknown",-0.196088238096657,1,"OT",0.518185559637222,0.335887950712563,0.638818449908185,0.38296750467941,-0.24601710901951,0.261031955372128,0.127251502694583,0.633269670454743
"Visual",49,2530,"CL692_23","Male","Hot","Control",-0.398458663204507,-0.387861520251883,4,"Familiar",-1.0689359897833,1,"OT",0.518185559637222,0.335887950712563,0.638818449908185,0.38296750467941,-0.24601710901951,0.261031955372128,0.127251502694583,0.633269670454743
"Visual",5,2234,"CL601_22","Female","Cold","Control",-0.296289775203351,-0.367712869849187,2,"Familiar",0.436924820876135,NA,"OT",-0.516182755894562,-0.555364017294917,-0.403578347999686,-0.358115408009474,0.177190362469142,-0.264931050454797,-0.528404585673666,-0.0973495862741648
"Visual",5,2234,"CL601_22","Female","Cold","Control",-0.296289775203351,-0.367712869849187,3,"Unknown",0.0788636315979448,1,"OT",-0.516182755894562,-0.555364017294917,-0.403578347999686,-0.358115408009474,0.177190362469142,-0.264931050454797,-0.528404585673666,-0.0973495862741648
"Visual",50,2226,"CL600_22","Male","Hot","CORT",0.132819554401502,0.136003390218193,3,"Familiar",-1.0689359897833,1,"OT",-0.100579200978122,-0.183771137858321,-0.129529619303207,0.491787916917831,-0.127429155562195,0.25756703451963,-0.202229777128129,-0.10771613057337
"Visual",50,2226,"CL600_22","Male","Hot","CORT",0.132819554401502,0.136003390218193,4,"Unknown",0.303439628135547,1,"OT",-0.100579200978122,-0.183771137858321,-0.129529619303207,0.491787916917831,-0.127429155562195,0.25756703451963,-0.202229777128129,-0.10771613057337
"Visual",51,2252,"CL606_22","Female","Cold","CORT",-0.296289775203351,-0.287118268238407,2,"Familiar",0.0952042418413143,1,"OT",0.568541821832512,0.412604553685952,0.654961005782266,0.599340519227969,-0.598025483845308,0.64380616336037,0.207321896776606,0.589603061582395
"Visual",51,2252,"CL606_22","Female","Cold","CORT",-0.296289775203351,-0.287118268238407,4,"Unknown",0.0952042418413143,1,"OT",0.568541821832512,0.412604553685952,0.654961005782266,0.599340519227969,-0.598025483845308,0.64380616336037,0.207321896776606,0.589603061582395
"Visual",52,1231,"CL327_22","Male","Cold","Control",1.07277332401213,1.06284130874217,1,"Familiar",-0.021074164438414,0,"OT",0.508744258004125,0.313281102274578,0.563291358046332,0.618154054617621,-0.0398083469180696,0.933181406791764,0.0983300640010944,0.489715205352211
"Visual",52,1231,"CL327_22","Male","Cold","Control",1.07277332401213,1.06284130874217,4,"Unknown",0.148437625018888,1,"OT",0.508744258004125,0.313281102274578,0.563291358046332,0.618154054617621,-0.0398083469180696,0.933181406791764,0.0983300640010944,0.489715205352211
"Visual",53,2035,"CL550_22","Male","Hot","Control",0.357591108004044,0.35763854464784,1,"Unknown",-0.65492190049797,1,"OT",0.135084363884086,0.00667862285988068,0.00760247231906663,0.29232910663504,-0.640319998430099,0.325856427839756,-0.0798376955396513,-0.154105350162059
"Visual",53,2035,"CL550_22","Male","Hot","Control",0.357591108004044,0.35763854464784,3,"Familiar",-0.269023594732205,1,"OT",0.135084363884086,0.00667862285988068,0.00760247231906663,0.29232910663504,-0.640319998430099,0.325856427839756,-0.0798376955396513,-0.154105350162059
"Visual",54,2492,"CL680_23","Male","Hot","CORT",-0.357591108004044,-0.347564219446492,1,"Familiar",1.11083020511191,NA,"OT",0.101244412284073,0.0063779387414352,0.205326100918666,0.284986684193307,-0.397494415203061,0.624794790350823,-0.0474803914893533,0.34796090662894
"Visual",54,2492,"CL680_23","Male","Hot","CORT",-0.357591108004044,-0.347564219446492,3,"Unknown",-1.1699871299384,1,"OT",0.101244412284073,0.0063779387414352,0.205326100918666,0.284986684193307,-0.397494415203061,0.624794790350823,-0.0474803914893533,0.34796090662894
"Visual",55,1180,"CL315_22","Male","Cold","Control",1.27711110001444,1.26432781276912,1,"Unknown",-0.021074164438414,0,"OT",0.443670991725538,0.342682009492983,0.329466484745337,0.409760788225209,-0.406374578244129,0.653215212558208,0.209299020028295,0.0937874473553146
"Visual",55,1180,"CL315_22","Male","Cold","Control",1.27711110001444,1.26432781276912,2,"Familiar",0.303439628135547,0,"OT",0.443670991725538,0.342682009492983,0.329466484745337,0.409760788225209,-0.406374578244129,0.653215212558208,0.209299020028295,0.0937874473553146
"Visual",56,2212,"CL596_22","Male","Hot","CORT",0.132819554401502,0.136003390218193,2,"Unknown",-0.65492190049797,1,"OT",-0.201442968718324,-0.366875152218549,-0.175083530812789,0.0996547018224089,-0.177888845265137,0.502670507891445,-0.456386961676896,-0.0542392910379548
"Visual",56,2212,"CL596_22","Male","Hot","CORT",0.132819554401502,0.136003390218193,3,"Familiar",-1.31241071274373,1,"OT",-0.201442968718324,-0.366875152218549,-0.175083530812789,0.0996547018224089,-0.177888845265137,0.502670507891445,-0.456386961676896,-0.0542392910379548
"Visual",57,2228,"CL600_22","Male","Cold","CORT",-0.296289775203351,-0.226672317030321,1,"Familiar",-0.317216829859226,1,"OT",-0.237456505209423,-0.362411974137453,-0.275316421195992,0.333972497241172,-0.359405294455554,0.369584361268394,-0.413011463214677,-0.241200998460268
"Visual",57,2228,"CL600_22","Male","Cold","CORT",-0.296289775203351,-0.226672317030321,4,"Unknown",-0.521622461212475,1,"OT",-0.237456505209423,-0.362411974137453,-0.275316421195992,0.333972497241172,-0.359405294455554,0.369584361268394,-0.413011463214677,-0.241200998460268
"Visual",58,2196,"CL593_22","Male","Hot","Control",0.173687109601964,0.236746642231669,2,"Unknown",-0.278147738252038,1,"OT",-1.03177969282401,-0.817518224955834,-0.925235070863277,0.0792223090064114,0.0832659835509162,0.520629346510247,-0.562202239996728,-0.630708088430698
"Visual",58,2196,"CL593_22","Male","Hot","Control",0.173687109601964,0.236746642231669,4,"Familiar",-0.0950370979415483,1,"OT",-1.03177969282401,-0.817518224955834,-0.925235070863277,0.0792223090064114,0.0832659835509162,0.520629346510247,-0.562202239996728,-0.630708088430698
"Visual",59,2154,"CL581_22","Male","Cold","Control",-0.255422220002889,-0.186375016224931,2,"Unknown",0.233344115758804,1,"OT",-1.14152041627761,-0.931408261772906,-0.885883526971622,0.0422313023256611,-0.484807992644304,0.663888725036624,-0.715444741016374,-0.295503692159734
"Visual",59,2154,"CL581_22","Male","Cold","Control",-0.255422220002889,-0.186375016224931,4,"Familiar",0.588482863958045,1,"OT",-1.14152041627761,-0.931408261772906,-0.885883526971622,0.0422313023256611,-0.484807992644304,0.663888725036624,-0.715444741016374,-0.295503692159734
"Visual",6,2345,"CL632_23","Male","Hot","CORT",-0.0715182216008089,-0.14607771541954,1,"Unknown",0.110818357977939,1,"OT",-0.584336456484883,-0.55256140543405,-0.445178812137442,-0.0110491047323102,-0.330529546066133,-0.483612206396255,-0.452350311421863,-0.0864895401076503
"Visual",6,2345,"CL632_23","Male","Hot","CORT",-0.0715182216008089,-0.14607771541954,2,"Familiar",0.390537552582857,1,"OT",-0.584336456484883,-0.55256140543405,-0.445178812137442,-0.0110491047323102,-0.330529546066133,-0.483612206396255,-0.452350311421863,-0.0864895401076503
"Visual",60,2225,"CL600_22","Female","Cold","Control",-0.255422220002889,-0.186375016224931,1,"Familiar",0.085491371156781,1,"OT",-1.05393152562906,-0.833708378289257,-0.897444882459204,0.337306721974765,-0.487878773784326,0.307165211786825,-0.575842189151658,-0.504330876414747
"Visual",60,2225,"CL600_22","Female","Cold","Control",-0.255422220002889,-0.186375016224931,2,"Unknown",-0.50360519014654,1,"OT",-1.05393152562906,-0.833708378289257,-0.897444882459204,0.337306721974765,-0.487878773784326,0.307165211786825,-0.575842189151658,-0.504330876414747
"Visual",61,2162,"CL583_22","Male","Cold","CORT",-0.214554664802427,-0.14607771541954,2,"Unknown",-0.398190518406875,1,"OT",-0.408221358167643,-0.476640867276966,-0.247297286902835,0.277914309303604,0.0299233515962729,0.497928237051132,-0.473694534615739,0.117938605972666
"Visual",61,2162,"CL583_22","Male","Cold","CORT",-0.214554664802427,-0.14607771541954,3,"Familiar",0.13157391747051,NA,"OT",-0.408221358167643,-0.476640867276966,-0.247297286902835,0.277914309303604,0.0299233515962729,0.497928237051132,-0.473694534615739,0.117938605972666
"Visual",62,2021,"CL547_22","Female","Hot","Control",0.357591108004044,0.418084495855925,2,"Unknown",0.199434225188528,1,"OT",-0.122728172716917,-0.393436348703216,-0.480657677430293,0.00146615245012814,0.118938908727891,0.784151954899755,-0.580816896517158,-0.913766290171778
"Visual",62,2021,"CL547_22","Female","Hot","Control",0.357591108004044,0.418084495855925,4,"Familiar",0.0437083384242804,1,"OT",-0.122728172716917,-0.393436348703216,-0.480657677430293,0.00146615245012814,0.118938908727891,0.784151954899755,-0.580816896517158,-0.913766290171778
"Visual",63,2374,"CL640_23","Female","Hot","CORT",-0.0715182216008089,-0.0050371626006738,2,"Familiar",0.113859587152457,1,"OT",0.0462592283937146,-0.175866454317406,-0.0110028999241923,0.380047141526397,-0.521930942402911,0.597249104696914,-0.328236408121422,-0.0608476513967409
"Visual",63,2374,"CL640_23","Female","Hot","CORT",-0.0715182216008089,-0.0050371626006738,4,"Unknown",-0.713601280755877,1,"OT",0.0462592283937146,-0.175866454317406,-0.0110028999241923,0.380047141526397,-0.521930942402911,0.597249104696914,-0.328236408121422,-0.0608476513967409
"Visual",64,2559,"CL702_23","Male","Hot","CORT",-0.500627551205662,-0.428158821057273,1,"Familiar",-0.327702974990113,1,"OT",-0.00391875848408764,-0.0932629155199783,-0.200937467469427,0.283849231962575,-0.0146606196765091,0.61516474637027,-0.127423082910224,-0.42519234270077
"Visual",64,2559,"CL702_23","Male","Hot","CORT",-0.500627551205662,-0.428158821057273,3,"Unknown",-0.181749113470222,1,"OT",-0.00391875848408764,-0.0932629155199783,-0.200937467469427,0.283849231962575,-0.0146606196765091,0.61516474637027,-0.127423082910224,-0.42519234270077
"Visual",65,2380,"CL641_23","Male","Hot","Control",-0.112385776801271,-0.0453344634060642,2,"Unknown",-0.30703467416782,1,"OT",-0.947960131672184,-0.710645443283204,-0.791666701127578,0.257112031619185,-0.0652342626255946,0.544817047229854,-0.404712750610032,-0.389393344836327
"Visual",65,2380,"CL641_23","Male","Hot","Control",-0.112385776801271,-0.0453344634060642,4,"Familiar",-0.747079913106977,1,"OT",-0.947960131672184,-0.710645443283204,-0.791666701127578,0.257112031619185,-0.0652342626255946,0.544817047229854,-0.404712750610032,-0.389393344836327
"Visual",66,2152,"CL581_22","Female","Cold","Control",-0.255422220002889,-0.186375016224931,3,"Familiar",-0.0950370979415483,NA,"OT",-0.441922736610764,-0.489194810041375,-0.538335157708188,0.320174441401056,-0.273844075311483,0.438858381217555,-0.465684480062454,-0.574362262673635
"Visual",66,2152,"CL581_22","Female","Cold","Control",-0.255422220002889,-0.186375016224931,4,"Unknown",0.0686814759065385,NA,"OT",-0.441922736610764,-0.489194810041375,-0.538335157708188,0.320174441401056,-0.273844075311483,0.438858381217555,-0.465684480062454,-0.574362262673635
"Visual",67,2602,"CL714_23","Male","Cold","CORT",-0.786700437608898,-0.710239926695006,1,"Familiar",-0.161281589889975,1,"OT",-1.00275310786608,-0.88409067631541,-0.791249805765853,0.198261654320914,-0.490953662993987,0.496008014971379,-0.754581089739574,-0.282593956474085
"Visual",67,2602,"CL714_23","Male","Cold","CORT",-0.786700437608898,-0.710239926695006,2,"Unknown",-0.50360519014654,1,"OT",-1.00275310786608,-0.88409067631541,-0.791249805765853,0.198261654320914,-0.490953662993987,0.496008014971379,-0.754581089739574,-0.282593956474085
"Visual",68,2384,"CL642_23","Male","Hot","CORT",-0.112385776801271,-0.0453344634060642,3,"Familiar",0.382173829470648,1,"OT",-0.981559717479928,-0.83088900007217,-0.847183217948784,0.351994473528881,-0.161834209504401,0.527574500702702,-0.65097539623587,-0.490633298566954
"Visual",68,2384,"CL642_23","Male","Hot","CORT",-0.112385776801271,-0.0453344634060642,4,"Unknown",0.502773016799324,0,"OT",-0.981559717479928,-0.83088900007217,-0.847183217948784,0.351994473528881,-0.161834209504401,0.527574500702702,-0.65097539623587,-0.490633298566954
"Visual",69,1966,"CL532_22","Male","Cold","CORT",0.0306506664003467,0.115854739815497,2,"Unknown",-0.747079913106977,1,"OT",-0.269793674257185,-0.313957599873975,-0.531909523822272,0.398789011841554,-0.406374578244129,0.551402922723688,-0.285554420487478,-0.824961949395497
"Visual",69,1966,"CL532_22","Male","Cold","CORT",0.0306506664003467,0.115854739815497,3,"Familiar",-1.31241071274373,1,"OT",-0.269793674257185,-0.313957599873975,-0.531909523822272,0.398789011841554,-0.406374578244129,0.551402922723688,-0.285554420487478,-0.824961949395497
"Visual",7,2256,"CL607_22","Female","Cold","CORT",-0.296289775203351,-0.367712869849187,1,"Familiar",-0.30703467416782,1,"OT",-0.689028273704218,-0.638107771521196,-0.648313079680461,0.0281616577126309,-0.153848749214746,-0.656546170510012,-0.527434534223476,-0.452387045105189
"Visual",7,2256,"CL607_22","Female","Cold","CORT",-0.296289775203351,-0.367712869849187,4,"Unknown",-0.470126557795441,1,"OT",-0.689028273704218,-0.638107771521196,-0.648313079680461,0.0281616577126309,-0.153848749214746,-0.656546170510012,-0.527434534223476,-0.452387045105189
"Visual",70,2343,"CL632_23","Male","Hot","Control",-0.0715182216008089,0.0151114878020214,2,"Familiar",0.289026948954262,1,"OT",-0.0768714111992983,-0.260081439509009,-0.462059802553705,0.377769419297822,-0.7547628121861,0.727810627454807,-0.369847032180941,-0.93404068694874
"Visual",70,2343,"CL632_23","Male","Hot","Control",-0.0715182216008089,0.0151114878020214,3,"Unknown",-0.117706884380775,1,"OT",-0.0768714111992983,-0.260081439509009,-0.462059802553705,0.377769419297822,-0.7547628121861,0.727810627454807,-0.369847032180941,-0.93404068694874
"Visual",71,1181,"CL315_22","Female","Hot","Control",1.60405154161814,1.66730082082303,2,"Familiar",-0.203483453882825,1,"OT",-0.0445278542357467,-0.141003793984849,-0.13585007034198,0.392704844573006,-0.572379702120645,0.391439699787922,-0.176694296276125,-0.210875675343532
"Visual",71,1181,"CL315_22","Female","Hot","Control",1.60405154161814,1.66730082082303,4,"Unknown",-0.872365473804575,1,"OT",-0.0445278542357467,-0.141003793984849,-0.13585007034198,0.392704844573006,-0.572379702120645,0.391439699787922,-0.176694296276125,-0.210875675343532
"Visual",72,2603,"CL714_23","Female","Hot","CORT",-0.500627551205662,-0.408010170654578,1,"Familiar",-0.65492190049797,1,"OT",-0.831288333859572,-0.707849350309582,-0.70910841428698,0.344018212291672,-0.145890936275133,0.536871780289566,-0.530305842228401,-0.367498135865046
"Visual",72,2603,"CL714_23","Female","Hot","CORT",-0.500627551205662,-0.408010170654578,4,"Unknown",0.691098638216416,1,"OT",-0.831288333859572,-0.707849350309582,-0.70910841428698,0.344018212291672,-0.145890936275133,0.536871780289566,-0.530305842228401,-0.367498135865046
"Visual",73,1252,"CL332_22","Male","Cold","Control",1.03190576881167,1.10313860954756,3,"Unknown",-0.0789460506041626,1,"OT",-0.144548241775634,-0.16221194269675,-0.0716007243834042,0.497048612786048,-0.0146606196765091,0.2016957688111,-0.116899256769794,0.102659768895168
"Visual",73,1252,"CL332_22","Male","Cold","Control",1.03190576881167,1.10313860954756,4,"Familiar",-0.425223836430658,1,"OT",-0.144548241775634,-0.16221194269675,-0.0716007243834042,0.497048612786048,-0.0146606196765091,0.2016957688111,-0.116899256769794,0.102659768895168
"Visual",74,1169,"CL312_22","Female","Cold","Control",1.31797865521491,1.3852197151853,2,"Familiar",0.588482863958045,NA,"OT",-0.794586082013944,-0.660333818069651,-0.733418858565505,0.298994250383634,0.222751405108341,0.149639648376522,-0.462896337548048,-0.503280488072069
"Visual",74,1169,"CL312_22","Female","Cold","Control",1.31797865521491,1.3852197151853,4,"Unknown",0.545144776696525,NA,"OT",-0.794586082013944,-0.660333818069651,-0.733418858565505,0.298994250383634,0.222751405108341,0.149639648376522,-0.462896337548048,-0.503280488072069
"Visual",75,2257,"CL607_22","Female","Cold","CORT",-0.296289775203351,-0.206523666627626,1,"Unknown",0.0721084277265794,NA,"OT",0.0559892068527255,-0.0260717083147058,0.0567468503392901,0.606076719299346,-0.185958412388589,0.531395275181501,-0.062285100717248,0.0800688220842714
"Visual",75,2257,"CL607_22","Female","Cold","CORT",-0.296289775203351,-0.206523666627626,3,"Familiar",0.0887589275139984,NA,"OT",0.0559892068527255,-0.0260717083147058,0.0567468503392901,0.606076719299346,-0.185958412388589,0.531395275181501,-0.062285100717248,0.0800688220842714
"Visual",76,2477,"CL676_23","Female","Hot","Control",-0.296289775203351,-0.206523666627626,3,"Unknown",-0.0536646552913294,1,"OT",0.406158355734679,0.365614950498222,0.566588875679404,0.74871112819493,-0.151193082435864,0.461714182778097,0.28480822410581,0.655980485300937
"Visual",76,2477,"CL676_23","Female","Hot","Control",-0.296289775203351,-0.206523666627626,4,"Familiar",0.0952042418413143,1,"OT",0.406158355734679,0.365614950498222,0.566588875679404,0.74871112819493,-0.151193082435864,0.461714182778097,0.28480822410581,0.655980485300937
"Visual",77,2494,"CL680_23","Female","Hot","CORT",-0.296289775203351,-0.206523666627626,1,"Familiar",1.21046067689808,1,"OT",-0.709785394501618,-0.561708626130627,-0.683649030981137,0.539293717470886,0.26299818062621,0.488330323443377,-0.336773228772458,-0.513663290992632
"Visual",77,2494,"CL680_23","Female","Hot","CORT",-0.296289775203351,-0.206523666627626,4,"Unknown",-0.260130467186103,1,"OT",-0.709785394501618,-0.561708626130627,-0.683649030981137,0.539293717470886,0.26299818062621,0.488330323443377,-0.336773228772458,-0.513663290992632
"Visual",78,2368,"CL637_23","Male","Cold","CORT",-0.439326218404969,-0.347564219446492,2,"Familiar",-0.234727127843093,1,"OT",-0.411963797928966,-0.401425621043542,-0.458381438455455,-0.0579370684481593,0.0856614807364043,0.0948475229798992,-0.316067971384464,-0.417169462817546
"Visual",78,2368,"CL637_23","Male","Cold","CORT",-0.439326218404969,-0.347564219446492,4,"Unknown",-0.12961513580798,1,"OT",-0.411963797928966,-0.401425621043542,-0.458381438455455,-0.0579370684481593,0.0856614807364043,0.0948475229798992,-0.316067971384464,-0.417169462817546
"Visual",79,2296,"CL618_23","Female","Cold","Control",-0.357591108004044,-0.266969617835711,3,"Unknown",-0.251456945633648,1,"OT",0.181807886010933,0.231233029393505,0.166395198779044,0.592409544398219,0.222751405108341,0.712224595193817,0.276636692465963,0.132137707628224
"Visual",79,2296,"CL618_23","Female","Cold","Control",-0.357591108004044,-0.266969617835711,4,"Familiar",-0.00798222267321153,1,"OT",0.181807886010933,0.231233029393505,0.166395198779044,0.592409544398219,0.222751405108341,0.712224595193817,0.276636692465963,0.132137707628224
"Visual",8,1946,"CL528_22","Male","Cold","CORT",0.132819554401502,0.0554087886074118,3,"Familiar",0.62139080605299,1,"OT",-0.182757985582227,-0.219505761733971,-0.196597247615081,-0.0952336026579725,0.0615934143135593,-0.422246392736483,-0.188623180242048,-0.137121748646928
"Visual",8,1946,"CL528_22","Male","Cold","CORT",0.132819554401502,0.0554087886074118,4,"Unknown",0.377916083092553,1,"OT",-0.182757985582227,-0.219505761733971,-0.196597247615081,-0.0952336026579725,0.0615934143135593,-0.422246392736483,-0.188623180242048,-0.137121748646928
"Visual",80,2246,"CL604_22","Female","Hot","CORT",0.0715182216008089,0.156152040620888,2,"Familiar",-0.349663861541106,1,"OT",0.248036381858716,0.159865117961231,-0.0267727212311836,0.260946042863962,0.165657576901464,0.594478498491784,0.0835511499743928,-0.395871554416072
"Visual",80,2246,"CL604_22","Female","Hot","CORT",0.0715182216008089,0.156152040620888,4,"Unknown",-0.13572415544671,1,"OT",0.248036381858716,0.159865117961231,-0.0267727212311836,0.260946042863962,0.165657576901464,0.594478498491784,0.0835511499743928,-0.395871554416072
"Visual",9,2140,"CL577_22","Male","Hot","CORT",0.214554664802427,0.156152040620888,2,"Familiar",-0.560691552819663,NA,"OT",0.443495465218842,0.530240173158189,-0.217318663736689,-0.302250746787478,-0.172524830365248,-0.386995788013645,0.526754871576376,-1.06622646761802
"Visual",9,2140,"CL577_22","Male","Hot","CORT",0.214554664802427,0.156152040620888,3,"Unknown",0.324007050216366,NA,"OT",0.443495465218842,0.530240173158189,-0.217318663736689,-0.302250746787478,-0.172524830365248,-0.386995788013645,0.526754871576376,-1.06622646761802
